게임소프트웨어와서비스,담배,?판매업체,항공사,카드,레저용장비와제품,화장품,방송과엔터테인먼트,건강관리장비와용품,전자제품,무역회사와판매업체,생명과학도구및서비스,통신장비,석유와가스,상업서비스와공급품,백화점과일반상점,IT서비스,핸드셋,건강관리기술,가정용기기와용품,인터넷과카탈로그소매,음료,건축자재,교육서비스,기타금융,제약,가정용품,디스플레이장비및부품,출판,식품,"호텔,레스토랑,레저",건설,조선,건축제품,사무용전자제품,기타,인터넷소프트웨어와서비스,기계,도로와철도운송,부동산,반도체와반도체장비,손해보험,우주항공과국방,소프트웨어,신용평가서비스,종이와목재,자동차부품,비철금속,가스유틸리티,포장재,다각화된통신서비스,디스플레이패널,건강관리업체및서비스,"섬유,의류,신발,호화품",항공화물운송과물류,운송인프라,식품과기본식료품소매,에너지장비및서비스,컴퓨터와주변기기,광고,결제관련서비스,전문소매,복합유틸리티,전기유틸리티,증권,전기장비,전기제품,화학,문구류,복합기업,생물공학,독립전력생산및에너지거래,철강,생명보험,전자장비와기기,자동차,가구,무선통신서비스,창업투자,은행,해운사
,,,,,,,,,,,,,,,,,,,,,,,,,,,,,,,,,,,,,,,,,,,,,,,,,,,,,,,,,,,,,,,,,,,,,,,,,,,,,,,,
더블유게임즈,KT&G,큐로홀딩스,한진칼우,삼성카드,오로라,잇츠한불,에스엠,바텍,홈캐스트,포스코대우,인트론바이오,텔콘,세원셀론텍,서부T&D,롯데쇼핑,큐로컴,슈피겐코리아,솔본,경동나비엔,아이에스이커머스,네이처셀,스페로 글로벌,이퓨쳐,우리종금,CMG제약,보령메디앙스,실리콘웍스,스포츠서울,CJ씨푸드1우,마제스타,국보디자인,대우조선해양,CSA 코스믹,신도리코,피엠디아카데미,아프리카TV,한국테크놀로지,AJ렌터카,SK디앤디,에이티세미콘,흥국화재2우B,한화테크윈,한컴시큐어,나이스디앤비,버추얼텍,오스템,DSR,서울가스,신풍제지,한국정보통신,LG디스플레이,녹십자랩셀,지엔코,한익스프레스,선광,현대코퍼레이션홀딩스,일경산업개발,대진디엠피,인크로스,한네트,메디프론,지역난방공사,한전KPS,부국증권,일진홀딩스,엔에스,에프티이앤이,삼성출판사,웅진,애니젠,에코바이오,한국주철관,아이엔지생명,매커스,광림,에넥스,SK텔레콤,DSC인베스트먼트,제주은행,현대상선
넷게임즈,,에프앤리퍼블릭,한진칼,,손오공,에스디생명공학,화이브라더스코리아,인바디,모바일어플라이언스,LG상사,크리스탈,아이크래프트,SK이노베이션우,오르비텍,현대백화점,SBI핀테크솔루션즈,인포마크,비트컴퓨터,쿠첸,인터파크,풍국주정,KCC,와이비엠넷,리드코프,삼천당제약,모나리자,야스,아시아경제,매일홀딩스,글로벌텍스프리,삼성엔지니어링,오리엔탈정공,정산애강,지엠피,엄지하우스,알서포트,와이지-원,천일고속,해성산업,하나머티리얼즈,롯데손해보험,샘코,파수닷컴,NICE평가정보,차이나하오란,한일단조,동국알앤에스,삼천리,대양제지,KT,일진디스플,아미노로직스,형지I&C,한진,키위미디어그룹,골드퍼시픽,파루,디지아이,나스미디어,한국전자금융,도이치모터스,KG ETS,한전기술,신영증권우,현대일렉트릭,엠플러스,조비,양지사,두산2우B,앱클론,,동일철강,한화생명,케이피엠테크,KR모터스,현대리바트,LG유플러스,큐캐피탈,JB금융지주,KSS해운
넷마블게임즈,,포티스,예림당,,참좋은여행,한국화장품제조,레드로버,디오,경인전자,현대상사,에이티젠,현대통신,대성산업,아이마켓코리아,GS리테일,텍셀네트컴,하이비젼시스템,인피니트헬스케어,쿠쿠전자,예스24,창해에탄올,노루홀딩스우,메가엠디,푸른저축은행,퓨쳐켐,태양,DB라이텍,미스터블루,동원산업,세중,삼부토건,두산엔진,대림통상,,케미메디,퓨쳐스트림네트웍스,글로벌에스엠,동양고속,한국자산신탁,에이디테크놀로지,흥국화재우,솔트웍스,다우데이타,한국기업평가,페이퍼코리아,아이에이,일진다이아,대성홀딩스,동원시스템즈우,나이스정보통신,,,대현,인터지스,한국공항,CJ프레시웨이,제이씨케미칼,빅솔론,지투알,,롯데하이마트,,한전산업,부국증권우,가온전선,삼영전자,미원화학,모나미,CJ우,메디톡스,,부국철강,동양생명,현우산업,현대차3우B,팀스,,대성창투,기업은행,팬오션
넥슨지티,,서울옥션,대한항공,,헝셩그룹,제닉,CJ E&M,루트로닉,신스타임즈,STX,레고켐바이오,서진시스템,SK이노베이션,비츠로시스,이마트,소프트센,아이엠텍,유비케어,PN풍년,인터파크홀딩스,흥국에프엔비,현대시멘트,웅진씽크빅,한국캐피탈,삼아제약,삼정펄프,한솔테크닉스,디앤씨미디어,매일유업,호텔신라,한신공영,세진중공업,이건홀딩스,,지성이씨에스,KTH,화천기계,레드캡투어,한국토지신탁,유니셈,메리츠금융지주,퍼스텍,SGA솔루션즈,고려신용정보,영풍제지,세원,유니온머티리얼,예스코,락앤락,세종텔레콤,,,와이비로드,한솔로지스틱스,,한국가구,신성이엔지,씨아이테크,에코마케팅,,한솔PNS,,한국전력,신영증권,일진전기,신흥에스이씨,OCI,,두산우,휴젤,,NI스틸,삼성생명,코텍,기아차,퍼시스,,에이티넘인베스트,BNK금융지주,흥아해운
썸에이지,,YW,아시아나항공,,라이브플렉스,코리아나,초록뱀,나이벡,아리온,GS글로벌,바디텍메드,모다,중앙에너비스,KTcs,대구백화점,데이타솔루션,유티아이,,유진로봇,현대홈쇼핑,하이트진로,모헨즈,멀티캠퍼스,CNH,메지온,깨끗한나라,신화인터텍,,오리온홀딩스,바른손,KCC건설,케이프,금강공업우,,한중엔시에스,플랜티넷,에너토크,AJ네트웍스,신라섬유,피에스케이,현대해상,LIG넥스원,투비소프트,NICE,한국제지,두올산업,디씨엠,지에스이,수출포장,인스코비,,,태평양물산,유수홀딩스,,현대그린푸드,에이치엘비생명과학,잉크테크,이엠넷,,,,,골든브릿지증권,광명전기,아비코전자,나노,,CJ,유바이오로직스,,제일제강,미래에셋생명,S&K폴리텍,코라오홀딩스,코아스,,엠벤처투자,DGB금융지주,대한해운
바른손이앤에이,,녹원씨아이,대한항공우,,삼천리자전거,리더스코스메틱,소리바다,뷰웍스,TJ미디어,혜인,씨젠,에치디프로,흥구석유,케이티스,BGF리테일,케이씨에스,블루콤,,대유위니아,CJ오쇼핑,진로발효,조광페인트,청담러닝,아주캐피탈,삼성제약,깨끗한나라우,필옵틱스,,삼양사우,하나투어,이테크건설,삼성중공업,금강공업,,태양기계,디지틀조선,화천기공,,,아진엑스텍,삼성화재우,휴니드,셀바스AI,SCI평가정보,무림SP,대원산업,조일알미늄,인천도시가스,태림포장,,,,영원무역홀딩스,삼일,,보라티알,에스에너지,딜리,YG PLUS,,,,,교보증권,LS,동양이엔피,씨큐브,,LG우,팬젠,,DSR제강,,코리아써키트2우B,현대차,에이스침대,,티에스인베스트먼트,광주은행,
웹젠,,대명코퍼레이션,제주항공,,알톤스포츠,한국콜마홀딩스,에프엔씨엔터,루트로닉3우C,LG전자,EG,서흥,바른테크놀로지,이아이디,사람인에이치알,신세계,KG모빌리언스,나노스,,위닉스,GS홈쇼핑,하이트진로홀딩스우,LG하우시스우,에이원앤,메이슨캐피탈,대화제약,유니더스,테라세미콘,,오리온,에머슨퍼시픽,세보엠이씨,디엠씨,국영지앤엠,,에스에이티이엔지,유엔젤,엔케이,,,유진테크,삼성화재,아스트,네이블,,무림P&P,세종공업,현대비앤지스틸우,경동인베스트,연우,,,,형지엘리트,세방,,,SDN,제이스테판,이노션,,,,,대신증권우,대원전선,신화콘텍,송원산업,,현대로보틱스,제넥신,,TCC동양,,코리아써키트,현대차2우B,디비케이,,SBI인베스트먼트,신한지주,
게임빌,,한창,티웨이홀딩스,,우성아이비,에이씨티,와이지엔터테인먼트,아스타,팅크웨어,,랩지노믹스,다산네트웍스,미창석유,인선이엔티,세이브존I&C,한국정보인증,시노펙스,,부방,엔에스쇼핑,하이트진로홀딩스,동화기업,디지털대성,,일동홀딩스,,HB테크놀러지,,삼양홀딩스우,호텔신라우,범양건영,삼강엠앤티,대림B&Co,,소프트캠프,카카오,제이엔케이히터,,,월덱스,코리안리,한국항공우주,엑셈,,KGP,화신정공,고려아연,부산가스,원림,,,,제이에스티나,국보,,,,케이씨티,오리콤,,,,,SK증권우,갑을메탈,에스씨디,SH에너지화학,,LG,큐리언트,,대한제강,,액트,현대차우,한샘,,제미니투자,하나금융지주,
데브시스터즈,,세우글로벌,,,삼익악기,컬러레이,제이콘텐트리,원익,LG전자우,,대한과학,넥스트바이오홀딩스,S-Oil,누리플랜,그랜드백화점,KG이니시스,우주일렉트로,,자이글,다나와,국순당,한솔홈데코,씨엠에스에듀,,녹십자,,비아트론,,팜스코,롯데관광개발,현대건설우,해덕파워웨이,윈하이텍,,에듀케이션파트너,아이오케이,두산인프라코어,,,덕산하이메탈,한화손해보험,빅텍,시큐브,,한솔홀딩스,세화아이엠씨,서원,대성에너지,삼광글라스,,,,덕성,CJ대한통운,,,,에이텍,제일기획,,,,,대신증권2우B,비츠로테크,성호전자,KG케미칼,,SK우,쎌바이오텍,,신화실업,,코리아써우,쌍용차,,,우리기술투자,KB금융,
엔씨소프트,,큐렉소,,,엔에스엔,LG생활건강,에프엔씨애드컬쳐,나노엔텍,휴맥스,,파나진,인성정보,위즈코프,이지웰페어,광주신세계,오픈베이스,크루셜텍,,파세코,처음앤씨,하이트진로2우B,노루페인트,능률교육,,뉴트리바이오텍,,우리이티아이,,하림홀딩스,모두투어,화성산업,동성화인텍,와토스코리아,,유디피,필링크,유니슨,,,에프에스티,동부화재,아이쓰리시스템,포시에스,,무림페이퍼,새론오토모티브,대호에이엘,SK가스,신대양제지,,,,호전실업,세방우,,,,청호컴넷,,,,,,NH투자증권,지엔씨에너지,비츠로셀,원익큐브,,SK네트웍스,펩트론,,CS홀딩스,,이그잭스,,,,,우리은행,
엠게임,,메디플란트,,,,한국콜마,IHQ,녹십자엠에스,디엠티,,피씨엘,전파기지국,GS,C&S자산관리,한화갤러리아타임월드,NHN한국사이버결제,젬백스테크놀러지,,코웨이,,무학,강남제비스코,리젠,,동성제약,,제이엠아이,,신라에스지,신세계푸드,두산건설,삼성중공우,코리아에스이,,스페이스솔루션,가비아,현대로템,,,티씨케이,메리츠화재,하이즈항공,한글과컴퓨터,,선창산업,S&T홀딩스,황금에스티,E1,대림제지,,,,신영와코루,W홀딩컴퍼니,,,,주연테크,,,,,,한양증권,이화전기,필룩스,경인양행,,삼성물산우B,코아스템,,원일특강,,코나아이,,,,,,
한빛소프트,,,,,,코스맥스,삼화네트웍스,우리들휴브레인,파인디지털,,로고스바이오,아이즈비전,아이이,시공테크,,케이엘넷,이랜텍,,하츠,,MH에탄올,동양우,대교우B,,유유제약,,젬백스,,크라운해태홀딩스우,이월드,한미글로벌,한진중공업,제일테크노스,,굿센,NAVER,3S,,,네패스,흥국화재,쎄트렉아이,SGA,,한솔제지,SG&G,태경산업,한국가스공사,승일,,,,국동,현대글로비스,,,,푸른기술,,,,,,이베스트투자증권,한솔신텍,크로바하이텍,동성코퍼레이션,,SK네트웍스우,케어젠,,동일산업,,파크시스템스,,,,,,
네오위즈,,,,,,한국화장품,큐브엔터,메타바이오메드,휴맥스홀딩스,,휴마시스,유비벨록스,한국쉘석유,에스원,,민앤지,이엠텍,,신일산업,,롯데칠성,라이온켐텍,메가스터디교육,,테라젠이텍스,,씨티엘,,남양유업,파라다이스,한라,케이에스피,삼목에스폼,,루켄테크놀러지스,이크레더블,한일진공,,,유니테스트,,,누리텔레콤,,성창기업지주,화신테크,조선내화,경동도시가스,엔케이물산,,,,조광피혁,KCTC,,,,한프,,,,,,미래에셋대우우,선도전기,서울전자통신,SKC,,SK,안트로젠,,조선선재,,다원시스,,,,,,
파티게임즈,,,,,,네오팜,이에스에이,셀바스헬스케어,아남전자,,엑세스바이오,코맥스,GS우,효성ITX,,링네트,아모텍,,오텍,,롯데칠성우,쌍용양회,정상제이엘에스,,보령제약,,유아이디,,삼양식품,MP그룹,계룡건설,현진소재,프럼파스트,,바이옵트로,옴니텔,진성티이씨,,,피델릭스,,,이스트소프트,,국일제지,체시스,파버나인,,한창제지,,,,에스티오,동방,,,,현대아이비티,,,,,,유진투자증권,서전기전,파워로직스,경농,,삼성물산,진매트릭스,,금강철강,,에이치시티,,,,,,
미투온,,,,,,토니모리,쇼박스,오스템임플란트,이에스브이,,일신바이오,옵티시스,극동유화,자연과환경,,엔텔스,와이솔,,행남생활건강,,보해양조,완리,비상교육,,일성신약,,한국컴퓨터,,한일사료,강원랜드,유신,한국카본,남선알미늄,,씨이랩,지어소프트,TPC,,,지스마트글로벌,,,오상자이엘,,,넥센,피제이메탈,,대륙제관,,,,제로투세븐,,,,,엠젠플러스,,,,,,키움증권,보성파워텍,프리엠스,오공,,두산,강스템바이오텍,,유성티엔에스,,아이디스홀딩스,,,,,,
컴투스,,,,,,제이준코스메틱,SM C&C,하이로닉,삼진,,마크로젠,코위버,S-Oil우,와이엔텍,,삼성에스디에스,장원테크,,,,,성신양회3우B,메가스터디,,제일약품,,엘티씨,,동원F&B,GKL,GS건설,인화정공,동아에스텍,,에스엠로보틱스,이상네트웍스,하이록코리아,,,와이아이케이,,,넥스트리밍,,,트루윈,디에스티,,디케이디앤아이,,,,백산,,,,,,,,,,,NH투자증권우,LS산전,삼성SDI,미원상사,,,테고사이언스,,영흥철강,,슈프리마에이치큐,,,,,,
위메이드,,,,,,잉글우드랩,CJ CGV,인터로조,가온미디어,,영인프런티어,파이오링크,에스아이리소스,코엔텍,,동부,엠씨넥스,,,,,삼화페인트,대교,,영진약품,,케이맥,,이지바이오,디딤,아이에스동서,에스앤더블류,한국유리,,영현무역,,에스엠코어,,,텔레칩스,,,지란지교시큐리티,,,인팩,삼아알미늄,,아세아제지,,,,BYC우,,,,,,,,,,,현대차투자증권,LS전선아시아,디에이테크놀로지,동남합성,,,바이오니아,,세아특수강,,인콘,,,,,,
NHN엔터테인먼트,,,,,,아모레퍼시픽,씨씨에스,피제이전자,아이리버,,켐온,유비쿼스홀딩스,포스링크,,,신세계 I&C,와이제이엠게임즈,,,,,동양파일,,,환인제약,,폭스브레인,,대한제당,용평리조트,KD건설,대양전기공업,한국유리우,,안지오랩,,인터불스,,,엘비세미콘,,,더존비즈온,,,영화금속,제일연마,,삼화왕관,,,,한섬,,,,,,,,,,,유화증권,대한전선,씨아이에스,금호석유우,,,차바이오텍,,대호피앤씨,,대덕GDS,,,,,,
드래곤플라이,,,,,,콜마비앤에이치,티비씨,메디아나,삼본정밀전자,,디엔에이링크,삼영이엔씨,퍼시픽바이오,,,포스코 ICT,KH바텍,,,,,이건산업,,,코미팜,,와이엠씨,,삼양홀딩스,,이화공영,대창솔루션,덕신하우징,,세종머티리얼즈,,웰크론강원,,,고려반도체,,,서호전기,,,인지컨트롤스,대창,,삼보판지,,,,쌍방울,,,,,,,,,,,한양증권우,대원전선우,디피씨,원풍,,,농우바이오,,GMR 머티리얼즈,,디티앤씨,,,,,,
액토즈소프트,,,,,,글로본,KNN,레이언스,토필드,,바이오톡스텍,빛샘전자,에이치엘비파워,,,인포뱅크,KJ프리텍,,,,,유니온,,,카테아,,케이피에스,,빙그레,,진흥기업,화인베스틸,뉴보텍,,코셋,,THE E&M,,,테스,,,케이사인,,,크린앤사이언스,풍산,,삼륭물산,,,,BYC,,,,,,,,,,,유안타증권,세명전기,삼성SDI우,WISCOM,,,오스코텍,,대동스틸,,디에이피,,,,,,
골프존뉴딘,,,,,,에이블씨엔씨,현대에이치씨엔,신흥,,,엠지메드,하이트론,,,,정원엔시스,솔루에타,,,,,노루홀딩스,,,에이프로젠제약,,아이씨디,,조흥,,대림산업우,현대중공업,남선알미우,,티에스아이,,동일금속,,,엑시콘,,,한컴MDS,,,세원정공,현대비앤지스틸,,대영포장,,,,성안,,,,,,,,,,,대신증권,제룡산업,피앤이솔루션,동방아그로,,,녹십자셀,,동양에스텍,,대동전자,,,,,,
골프존,,,,,,클리오,제이웨이,유앤아이,,,우정비에스씨,텔레필드,,,,다날,트레이스,,,,,에스와이패널,,,동화약품,,스킨앤스킨,,우성사료,,특수건설,에이치엘비,,,본느,,에스에프에이,,,어보브반도체,,,퓨전데이타,,,두올,쎄니트,,금비,,,,동일방직,,,,,,,,,,,한화투자증권,피앤씨테크,성문전자우,바이오빌,,,아이진,,현대제철,,바이오스마트,,,,,,
넵튠,,,,,,코스온,SBS미디어홀딩스,씨유메디칼,,,,코콤,,,,인포바인,알에프텍,,,,,홈센타홀딩스,,,종근당,,삼진엘앤디,,샘표식품,,동원개발,동방선기,,,시냅스엠,,태웅,,,시너지이노베이션,,,라온시큐어,,,KB오토시스,백광소재,,세하,,,,방림,,,,,,,,,,,유화증권우,제룡전기,성문전자,파미셀,,,서린바이오,,스틸플라워,,에스디시스템,,,,,,
네오위즈홀딩스,,,,,,아우딘퓨쳐스,덱스터,세운메디칼,,,,RFHIC,,,,수산아이앤티,덕우전자,,,,,삼표시멘트,,,이-글 벳,,토비스,,사조씨푸드,,고려개발,현대미포조선,,,두원석재,,대동공업,,,코미코,,,이니텍,,,S&T중공업,한창산업,,아세아,,,,토박스코리아,,,,,,,,,,,한국금융지주,대한광통신,피에스텍,크리스탈신소재,,,알테오젠,,동부제철,,씨엔플러스,,,,,,
조이시티,,,,,,코스메카코리아,iMBC,코렌텍,,,,이노인스트루먼트,,,,한일네트웍스,파트론,,,,,일신석재,,,유유제약1우,,파인테크닉스,,삼양사,,남화토건,한라IMS,,,비엔디생활건강,,디에스티로봇,,,이오테크닉스,,,이글루시큐리티,,,평화산업,포스코강판,,한국팩키지,,,,신세계인터내셔날,,,,,,,,,,,한화투자증권우,지트리비앤티,삼화콘덴서,KCI,,,한스바이오메드,,문배철강,,삼양옵틱스,,,,,,
조이맥스,,,,,,위노바,씨그널엔터테인먼트그룹,인트로메딕,,,,이노와이어리스,,,,브레인콘텐츠,삼우엠스,,,,,고려시멘트,,,대웅제약,,서울반도체,,대상홀딩스,,아이콘트롤스,한진중공업홀딩스,,,듀켐바이오,,삼영엠텍,,,SKC 솔믹스,,,핸디소프트,,,현대모비스,영풍,,동원시스템즈,,,,대원화성,,,,,,,,,,,미래에셋대우,,뉴인텍,NPC우,,,진원생명과학,,한국선재,,심텍홀딩스,,,,,,
액션스퀘어,,,,,,세화피앤씨,판타지오,아이센스,,,,암니스,,,,이루온,재영솔루텍,,,,,동원,,,대한약품,,영우디에스피,,크라운제과,,현대건설,중앙오션,,,선바이오,,나라엠앤디,,,리노공업,,,안랩,,,오리엔트바이오,풍산홀딩스,,,,,,아가방컴퍼니,,,,,,,,,,,삼성증권,,에스피지,NPC,,,프로스테믹스,,포스코엠텍,,대덕전자,,,,,,
선데이토즈,,,,,,오가닉티코스메틱,SBS콘텐츠허브,솔고바이오,,,,웨이브일렉트로,,,,아이지스시스템,에스코넥,,,,,아세아시멘트,,,대봉엘에스,,제이엠티,,남양유업우,,남광토건,STX엔진,,,삼성 레버리지 천연가스 선물 ETN,,스페코,,,코디엠,,,지니언스,,,화신,티플랙스,,,,,,화승인더,,,,,,,,,,,동부증권,,삼화전기,국도화학,,,신라젠,,경남스틸,,자화전자,,,,,,
플레이위드,,,,,,에스엔피월드,NHN벅스,디알텍,,,,에이스테크,,,,이씨에스,서원인텍,,,,,부산산업,,,대한뉴팜,,베셀,,사조산업,,신원종합개발,,,,자비스,,계양전기우,,,엠케이전자,,,닉스테크,,,넥센우,알루코,,,,,,아티스,,,,,,,,,,,메리츠종금증권,,엘앤에프,웹스,,,아미코젠,,삼현철강,,동진쎄미켐,,,,,,
펄어비스,,,,,,SK바이오랜드,한국경제TV,덴티움,,,,에스넷,,,,케이아이엔엑스,육일씨엔에쓰,,,,,동양3우B,,,중앙백신,,금호전기,,오뚜기,,서한,,,,신한 레버리지 천연가스 선물 ETN(H),,성광벤드,,,시그네틱스,,,텔코웨어,,,GH신소재,이구산업,,,,,,일신방직,,,,,,,,,,,SK증권,,,진양산업,,,바이오리더스,,동국산업,,제이씨현시스템,,,,,,
와이디온라인,,,,,,MP한강,YTN,셀루메드,,,,오이솔루션,,,,대신정보통신,이즈미디어,,,,,동양,,,제일바이오,,넥스트아이,,크라운해태홀딩스,,삼호,,,,엠앤씨생명과학,,스맥,,,싸이맥스,,,윈스,,,이원컴포텍,코센,,,,,,삼양통상,,,,,,,,,,,유안타증권우,,,진양홀딩스,,,바이로메드,,한국철강,,남성,,,,,,
엔터메이트,,,,,,,KMH,멕아이씨에스,,,,유비쿼스,,,,현대정보기술,에임하이,,,,,LG하우시스,,,코스맥스비티아이,,GRT,,롯데푸드,,삼일기업공사,,,,카이노스메드,,SIMPAC,,,테크윙,,,알티캐스트,,,코리아에프티,제낙스,,,,,,남영비비안,,,,,,,,,,,KTB투자증권,,,성보화학,,,제노포커스,,하이스틸,,모아텍,,,,,,
룽투코리아,,,,,,,로엔,제이브이엠,,,,삼지전자,,,,콤텍시스템,유테크,,,,,한일시멘트,,,JW신약,,동아엘텍,,사조해표,,금화피에스시,,,,아시아종묘,,화성밸브,,,한국전자홀딩스,,,포비스티앤씨,,,티에이치엔,국일신동,,,,,,전방,,,,,,,,,,,한국금융지주우,,,삼영화학,,,메디포스트,,만호제강,,옵트론텍,,,,,,
,,,,,,,SBS,엘앤케이바이오,,,,기산텔레콤,,,,한국전자인증,태양씨앤엘,,,,,동양2우B,,,국제약품,,세미콘라이트,,CJ제일제당,,성지건설,,,,티케이씨,,S&TC,,,인텍플러스,,,엔지스테크널러지,,,로스웰,한국내화,,,,,,경방,,,,,,,,,,,,,,도레이케미칼,,,티슈진(Reg.S),,세아제강,,이트론,,,,,,
,,,,,,,이스타코,휴비츠,,,,알엔투테크놀로지,,,,팍스넷,이라이콤,,,,,유진기업,,,내츄럴엔도텍,,에프엔에스테크,,해태제과식품,,신한,,,,바이오프로테크,,로보스타,,,원익QnC,,,다우인큐브,,,SJM홀딩스,대양금속,,,,,,LS네트웍스,,,,,,,,,,,,,,진양폴리,,,,,광진실업,,한국정보공학,,,,,,
,,,,,,,키이스트,,,,,에이텍티앤,,,,다우기술,디스플레이텍,,,,,벽산,,,씨트리,,매직마이크로,,SPC삼립,,도화엔지니어링,,,,플럼라인생명과학,,동양물산,,,제주반도체,,,모바일리더,,,아트라스BX,포스코켐텍,,,,,,코데즈컴바인,,,,,,,,,,,,,,한농화성,,,,,세아홀딩스,,대덕GDS우,,,,,,
,,,,,,,스카이라이프,,,,,우리넷,,,,아이티센,에이프로젠 H&G,,,,,보광산업,,,신풍제약우,,세진티에스,,동원수산,,희림,,,,미래에셋 미디어엔터 Core5 ETN,,기신정기,,,주성엔지니어링,,,넥스지,,,한국큐빅,,,,,,,좋은사람들,,,,,,,,,,,,,,KPX그린케미칼,,,,,SIMPAC Metal,,옴니시스템,,,,,,
,,,,,,,세기상사,,,,,쏠리드,,,,대아티아이,알비케이이엠디,,,,,서산,,,신풍제약,,덕산네오룩스,,한성기업,,우원개발,,,,로보쓰리,,KC그린홀딩스,,,유니트론텍,,,토탈소프트,,,현대위아,,,,,,,F&F,,,,,,,,,,,,,,효성오앤비,,,,,동부제철우,,슈프리마,,,,,,
,,,,,,,팬엔터테인먼트,,,,,라이트론,,,,로지시스,해성옵틱스,,,,,쌍용양회우,,,제일파마홀딩스,,DMS,,신송홀딩스,,대우건설,,,,세신버팔로,,현대엘리베이,,,엑사이엔씨,,,코닉글로리,,,우리산업홀딩스,,,,,,,한세엠케이,,,,,,,,,,,,,,우노앤컴퍼니,,,,,휴스틸,,에스아이티글로벌,,,,,,
,,,,,,,이매진아시아,,,,,인텔리안테크,,,,한솔인티큐브,AP위성,,,,,대림씨엔에스,,,현대약품,,아이컴포넌트,,대한제분,,까뮤이앤씨,,,,뿌리깊은나무들,,썬코어,,,큐에스아이,,,인프라웨어,,,대유플러스,,,,,,,영원무역,,,,,,,,,,,,,,한솔씨앤피,,,,,대창스틸,,피씨디렉트,,,,,,
,,,,,,,CJ헬로비전,,,,,CS,,,,브리지텍,디지탈옵틱,,,,,성신양회우,,,팜스웰바이오,,레이젠,,농심,,신세계건설,,,,IBKS제8호스팩,,디케이락,,,GST,,,드림시큐리티,,,대원강업,,,,,,,차이나그레이트,,,,,,,,,,,,,,미원에스씨,,,,,동일제강,,에스티큐브,,,,,,
,,,,,,,지니뮤직,,,,,케이엠더블유,,,,네오디안테크놀로지,앤디포스,,,,,노루페인트우,,,하이텍팜,,우리조명,,정다운,,한국종합기술,,,,데이터스트림즈,,태광,,,디엔에프,,,,,,태양금속,,,,,,,이스트아시아홀딩스,,,,,,,,,,,,,,스타플렉스,,,,,한일철강,,모비스,,,,,,
,,,,,,,투윈글로벌,,,,,에프알텍,,,,한국코퍼레이션,유아이엘,,,,,성신양회,,,명문제약,,엘디티,,사조동아원,,동신건설,,,,미래에셋 레버리지 원유선물혼합 ETN(H),,신진에스엠,,,성도이엔지,,,,,,부산주공,,,,,,,한세실업,,,,,,,,,,,,,,진양화학,,,,,고려제강,,이수페타시스,,,,,,
,,,,,,,NEW,,,,,우리로,,,,미래테크놀로지,상신이디피,,,,,성신양회2우B,,,에스티팜,,이엘피,,한국맥널티,,동아지질,,,,삼성 레버리지 WTI원유 선물 ETN,,썬텍,,,뉴파워프라즈마,,,,,,에스엘,,,,,,,웰크론,,,,,,,,,,,,,,에스폴리텍,,,,,동국제강,,세코닉스,,,,,,
,,,,,,,JYP Ent.,,,,,서화정보통신,,,,한컴지엠디,에스에이티,,,,,,,,한올바이오파마,,아바코,,팜스토리,,동부건설우,,,,신한 레버리지 WTI원유 선물 ETN(H),,비엠티,,,에스앤에스텍,,,,,,삼성공조,,,,,,,윌비스,,,,,,,,,,,,,,휴비스,,,,,세아베스틸,,우리기술,,,,,,
,,,,,,,대원미디어,,,,,아이앤씨,,,,쌍용정보통신,성우전자,,,,,,,,한미약품,,루미마이크로,,하림,,대림산업,,,,신한 천연가스 선물 ETN(H),,영풍정밀,,,삼성전자,,,,,,동아타이어,,,,,,,유니켐,,,,,,,,,,,,,,율촌화학,,,,,POSCO,,비덴트,,,,,,
,,,,,,,갤럭시아에스엠,,,,,감마누,,,,소프트센우,EMW,,,,,,,,대원제약,,디에스케이,,풀무원,,한양이엔지,,,,QV 레버리지 WTI원유 선물 ETN(H),,웰크론한텍,,,미래산업,,,,,,한국프랜지,,,,,,,휠라코리아,,,,,,,,,,,,,,케이디켐,,,,,동양철관,,뉴프렉스,,,,,,
,,,,,,,,,,,,,,,,미래아이앤지,일야,,,,,,,,휴온스글로벌,,인지디스플레,,대상,,일진파워,,,,디지캡,,포메탈,,,케이씨텍,,,,,,지코,,,,,,,덕성우,,,,,,,,,,,,,,나노신소재,,,,,한국특수형강,,에스에이엠티,,,,,,
,,,,,,,,,,,,,,,,동양네트웍스,인탑스,,,,,,,,부광약품,,SK머티리얼즈,,우리손에프앤지,,포워드컴퍼니스,,,,네추럴FNP,,대창단조,,,SFA반도체,,,,,,청보산업,,,,,,,SG세계물산,,,,,,,,,,,,,,바이온,,,,,KISCO홀딩스,,동일기연,,,,,,
,,,,,,,,,,,,,,,,갤럭시아컴즈,멜파스,,,,,,,,삼진제약,,참엔지니어링,,엠에스씨,,서희건설,,,,빅텐츠,,케이피티,,,KMH하이텍,,,,,,상신브레이크,,,,,,,TBH글로벌,,,,,,,,,,,,,,코오롱인더,,,,,대호피앤씨우,,아이엠,,,,,,
,,,,,,,,,,,,,,,,,에스맥,,,,,,,,KPX생명과학,,디이엔티,,한탑,,동부건설,,,,신한 인버스 2X 은 선물 ETN(H),,우진,,,에이티테크놀러지,,,,,,오리엔트정공,,,,,,,리노스,,,,,,,,,,,,,,금호석유,,,,,,,광전자,,,,,,
,,,,,,,,,,,,,,,,,엘컴텍,,,,,,,,종근당홀딩스,,파인디앤씨,,동서,,에쓰씨엔지니어링,,,,삼성 미디어 테마주 ETN,,동일고무벨트,,,오디텍,,,,,,넥센테크,,,,,,,원풍물산,,,,,,,,,,,,,,KPX케미칼,,,,,,,고영,,,,,,
,,,,,,,,,,,,,,,,,모베이스,,,,,,,,동국제약,,탑엔지니어링,,마니커,,태영건설,,,,제이에스피브이,,수산중공업,,,네패스신소재,,,,,,대성파인텍,,,,,,,아비스타,,,,,,,,,,,,,,롯데정밀화학,,,,,,,LG이노텍,,,,,,
,,,,,,,,,,,,,,,,,바이오로그디바이스,,,,,,,,안국약품,,로체시스템즈,,제일홀딩스,,삼호개발,,,,이비테크,,디와이,,,제이티,,,,,,코리아오토글라스,,,,,,,화승엔터프라이즈,,,,,,,,,,,,,,삼영무역,,,,,,,이녹스,,,,,,
,,,,,,,,,,,,,,,,,동운아나텍,,,,,,,,디에이치피코리아,,오성엘에스티,,대한제당우,,진흥기업우B,,,,플렉스파워에이더블유에스,,아세아텍,,,다믈멀티미디어,,,,,,금호에이치티,,,,,,,신원,,,,,,,,,,,,,,AK홀딩스,,,,,,,아이디스,,,,,,
,,,,,,,,,,,,,,,,,코아시아홀딩스,,,,,,,,광동제약,,에스엔텍,,대상우,,현대산업,,,,바이오코아,,코메론,,,칩스앤미디어,,,,,,에스앤씨엔진그룹,,,,,,,제이에스코퍼레이션,,,,,,,,,,,,,,쎄노텍,,,,,,,삼성전기우,,,,,,
,,,,,,,,,,,,,,,,,모다이노칩,,,,,,,,에스텍파마,,AP시스템,,CJ씨푸드,,KT서브마린,,,,KB KQ Monthly Best 11 ETN,,한국정밀기계,,,알파홀딩스,,,,,,뉴프라이드,,,,,,,신원우,,,,,,,,,,,,,,영보화학,,,,,,,카스,,,,,,
,,,,,,,,,,,,,,,,,파인텍,,,,,,,,녹십자홀딩스,,루멘스,,대주산업,,금호산업,,,,신한 브렌트원유 선물 ETN(H),,STX중공업,,,램테크놀러지,,,,,,S&T모티브,,,,,,,진도,,,,,,,,,,,,,,효성,,,,,,,크레아플래닛,,,,,,
,,,,,,,,,,,,,,,,,캠시스,,,,,,,,화일약품,,티엘아이,,농심홀딩스,,일성건설,,,,씨케이컴퍼니,,현대건설기계,,,성우테크론,,,,,,에스제이케이,,,,,,,아즈텍WB,,,,,,,,,,,,,,상아프론테크,,,,,,,인터엠,,,,,,
,,,,,,,,,,,,,,,,,코렌,,,,,,,,종근당바이오,,지디,,샘표,,금호산업우,,,,미래에셋 원유선물혼합 ETN(H),,이엠코리아,,,유니퀘스트,,,,,,서연,,,,,,,데코앤이,,,,,,,,,,,,,,남해화학,,,,,,,에스텍,,,,,,
,,,,,,,,,,,,,,,,,이미지스,,,,,,,,유유제약2우B,,미래나노텍,,신라교역,,진흥기업2우B,,,,베트남개발1,,케이피에프,,,넥스트칩,,,,,,유성기업,,,,,,,LF,,,,,,,,,,,,,,LG화학우,,,,,,,삼화전자,,,,,,
,,,,,,,,,,,,,,,,,알에프세미,,,,,,,,한독,,아바텍,,동우팜투테이블,,태영건설우,,,,미래에셋 에너지화학 Core5 ETN,,KC코트렐,,,ISC,,,,,,세원물산,,,,,,,한세예스24홀딩스,,,,,,,,,,,,,,금양,,,,,,,써니전자,,,,,,
,,,,,,,,,,,,,,,,,서울리거,,,,,,,,우진비앤지,,우리이앤엘,,푸드웰,,일성건설2우B,,,,KINDEX 한류,,파라텍,,,원익홀딩스,,,,,,풍강,,,,,,,인디에프,,,,,,,,,,,,,,대한화섬,,,,,,,신성델타테크,,,,,,
,,,,,,,,,,,,,,,,,에이치엔티,,,,,,,,씨케이에이치,,엘아이에스,,사조대림,,코오롱글로벌,,,,QV 의료 TOP5 ETN,,흥국,,,솔브레인,,,,,,골든센츄리,,,,,,,신성통상,,,,,,,,,,,,,,유니드,,,,,,,삼성전기,,,,,,
,,,,,,,,,,,,,,,,,나무가,,,,,,,,진양제약,,쎄미시스코,,서울식품,,코오롱글로벌우,,,,KODEX 필수소비재,,한신기계,,,제우스,,,,,,성우하이텍,,,,,,,에스마크,,,,,,,,,,,,,,이엔에프테크놀로지,,,,,,,심텍,,,,,,
,,,,,,,,,,,,,,,,,텔루스,,,,,,,,조아제약,,위지트,,대상홀딩스우,,,,,,인산가,,에이치케이,,,테스나,,,,,,넥센타이어1우B,,,,,,,코웰패션,,,,,,,,,,,,,,SK케미칼우,,,,,,,백금T&A,,,,,,
,,,,,,,,,,,,,,,,,엔알케이,,,,,,,,JW중외제약,,톱텍,,CJ제일제당 우,,,,,,QV 소프트웨어 TOP5 ETN,,부스타,,,코디,,,,,,디아이씨,,,,,,,대한방직,,,,,,,,,,,,,,SK케미칼,,,,,,,유니온커뮤니티,,,,,,
,,,,,,,,,,,,,,,,,이엘케이,,,,,,,,유한양행우,,사파이어테크놀로지,,고려산업,,,,,,신한 WTI원유 선물 ETN(H),,삼원테크,,,기가레인,,,,,,팬스타엔터프라이즈,,,,,,,코오롱머티리얼,,,,,,,,,,,,,,와이엠티,,,,,,,대주전자재료,,,,,,
,,,,,,,,,,,,,,,,,한솔시큐어,,,,,,,,지엘팜텍,,새로닉스,,보락,,,,,,KODEX WTI원유선물(H),,동국S&C,,,한미반도체,,,,,,SG충방,,,,,,,,,,,,,,,,,,,,,백광산업,,,,,,,이녹스첨단소재,,,,,,
,,,,,,,,,,,,,,,,,,,,,,,,,일양약품,,힘스,,대한제당3우B,,,,,,대신 WTI원유 선물 ETN(H),,계양전기,,,케이엠,,,,,,영신금속,,,,,,,,,,,,,,,,,,,,,대한유화,,,,,,,비에이치,,,,,,
,,,,,,,,,,,,,,,,,,,,,,,,,한미사이언스,,연이정보통신,,크라운제과우,,,,,,TIGER 화장품,,뉴로스,,,프로텍,,,,,,삼보모터스,,,,,,,,,,,,,,,,,,,,,HRS,,,,,,,ITX엠투엠,,,,,,
,,,,,,,,,,,,,,,,,,,,,,,,,동아에스티,,리드,,케이씨피드,,,,,,대신 2X 니켈선물 ETN(H),,동양피엔에프,,,해성디에스,,,,,,광진윈텍,,,,,,,,,,,,,,,,,,,,,이화산업,,,,,,,일진머티리얼즈,,,,,,
,,,,,,,,,,,,,,,,,,,,,,,,,알보젠코리아,,상보,,해마로푸드서비스,,,,,,KODEX IT소프트웨어,,비에이치아이,,,미코,,,,,,엔브이에이치코리아,,,,,,,,,,,,,,,,,,,,,코오롱인더우,,,,,,,알에스오토메이션,,,,,,
,,,,,,,,,,,,,,,,,,,,,,,,,휴온스,,휘닉스소재,,사조오양,,,,,,신한 인버스 은 선물 ETN(H),,넥스턴,,,예스티,,,,,,대유에이텍,,,,,,,,,,,,,,,,,,,,,대정화금,,,,,,,아이씨케이,,,,,,
,,,,,,,,,,,,,,,,,,,,,,,,,삼일제약,,인베니아,,롯데지주,,,,,,QV 핀테크 테마 ETN,,두산밥캣,,,오킨스전자,,,,,,유라테크,,,,,,,,,,,,,,,,,,,,,LG화학,,,,,,,이디,,,,,,
,,,,,,,,,,,,,,,,,,,,,,,,,JW홀딩스,,선익시스템,,롯데제과,,,,,,TIGER 미국나스닥바이오,,대경기계,,,삼성전자우,,,,,,네오티스,,,,,,,,,,,,,,,,,,,,,미원홀딩스,,,,,,,인터플렉스,,,,,,
,,,,,,,,,,,,,,,,,,,,,,,,,유한양행,,APS홀딩스,,선진,,,,,,QV 고령화 테마 ETN,,서암기계공업,,,동부하이텍,,,,,,캐스텍코리아,,,,,,,,,,,,,,,,,,,,,애경유화,,,,,,,상신전자,,,,,,
,,,,,,,,,,,,,,,,,,,,,,,,,경동제약,,에스엔유,,서울식품우,,,,,,TIGER 소프트웨어,,우진플라임,,,윈팩,,,,,,케이엔더블유,,,,,,,,,,,,,,,,,,,,,한일화학,,,,,,,,,,,,,
,,,,,,,,,,,,,,,,,,,,,,,,,신일제약,,엘엠에스,,롯데지주우,,,,,,SMART 중국본토 중소형 CSI500(합성 H),,두산중공업,,,서플러스글로벌,,,,,,삼원강재,,,,,,,,,,,,,,,,,,,,,휴켐스,,,,,,,,,,,,,
,,,,,,,,,,,,,,,,,,,,,,,,,고려제약,,아나패스,,,,,,,,피시피아비아이티,,대동기어,,,테라셈,,,,,,서진오토모티브,,,,,,,,,,,,,,,,,,,,,카프로,,,,,,,,,,,,,
,,,,,,,,,,,,,,,,,,,,,,,,,대성미생물,,제이스텍,,,,,,,,TIGER 원유선물Enhanced(H),,맥스로텍,,,하나마이크론,,,,,,SJM,,,,,,,,,,,,,,,,,,,,,웅진에너지,,,,,,,,,,,,,
,,,,,,,,,,,,,,,,,,,,,,,,,경남제약,,피엔티,,,,,,,,미래에셋 중국 심천 100 ETN,,에버다임,,,SK하이닉스,,,,,,모트렉스,,,,,,,,,,,,,,,,,,,,,나노캠텍,,,,,,,,,,,,,
,,,,,,,,,,,,,,,,,,,,,,,,,경보제약,,미래컴퍼니,,,,,,,,QV 제약 TOP5 ETN,,이엔쓰리,,,KEC,,,,,,동아화성,,,,,,,,,,,,,,,,,,,,,한화케미칼우,,,,,,,,,,,,,
,,,,,,,,,,,,,,,,,,,,,,,,,휴메딕스,,유양디앤유,,,,,,,,KODEX 바이오,,이더블유케이,,,하이셈,,,,,,세동,,,,,,,,,,,,,,,,,,,,,한솔케미칼,,,,,,,,,,,,,
,,,,,,,,,,,,,,,,,,,,,,,,,이수앱지스,,브이원텍,,,,,,,,TIGER 미디어컨텐츠,,유지인트,,,아이텍반도체,,,,,,한국단자,,,,,,,,,,,,,,,,,,,,,태경화학,,,,,,,,,,,,,
,,,,,,,,,,,,,,,,,,,,,,,,,진바이오텍,,코이즈,,,,,,,,노브메타파마,,삼익THK,,,동부하이텍1우,,,,,,핸즈코퍼레이션,,,,,,,,,,,,,,,,,,,,,에스에프씨,,,,,,,,,,,,,
,,,,,,,,,,,,,,,,,,,,,,,,,일양약품우,,,,,,,,,,미래에셋 Q150 Core5 ETN,,나라케이아이씨,,,한양디지텍,,,,,,대동금속,,,,,,,,,,,,,,,,,,,,,이수화학,,,,,,,,,,,,,
,,,,,,,,,,,,,,,,,,,,,,,,,삼성바이오로직스,,,,,,,,,,QV Big Vol ETN,,수성,,,픽셀플러스,,,,,,동원금속,,,,,,,,,,,,,,,,,,,,,코오롱플라스틱,,,,,,,,,,,,,
,,,,,,,,,,,,,,,,,,,,,,,,,일동제약,,,,,,,,,,TIGER 중국소비테마,,우림기계,,,오션브릿지,,,,,,만도,,,,,,,,,,,,,,,,,,,,,한화3우B,,,,,,,,,,,,,
,,,,,,,,,,,,,,,,,,,,,,,,,셀트리온제약,,,,,,,,,,KBSTAR 미국S&P원유생산기업(합성 H),,한국주강,,,피에스엠씨,,,,,,일정실업,,,,,,,,,,,,,,,,,,,,,롯데케미칼,,,,,,,,,,,,,
,,,,,,,,,,,,,,,,,,,,,,,,,JW생명과학,,,,,,,,,,에브리봇,,씨에스윈드,,,디아이,,,,,,현대공업,,,,,,,,,,,,,,,,,,,,,한화케미칼,,,,,,,,,,,,,
,,,,,,,,,,,,,,,,,,,,,,,,,셀트리온,,,,,,,,,,QV 내수소비 TOP5 ETN,,조광ILI,,,바른전자,,,,,,유니테크노,,,,,,,,,,,,,,,,,,,,,테이팩스,,,,,,,,,,,,,
,,,,,,,,,,,,,,,,,,,,,,,,,셀트리온헬스케어,,,,,,,,,,KODEX 미국S&P바이오(합성),,에이테크솔루션,,,원익IPS,,,,,,네오오토,,,,,,,,,,,,,,,,,,,,,켐트로닉스,,,,,,,,,,,,,
,,,,,,,,,,,,,,,,,,,,,,,,,우리들제약,,,,,,,,,,하나니켈1호,,디와이파워,,,아이원스,,,,,,현대EP,,,,,,,,,,,,,,,,,,,,,후성,,,,,,,,,,,,,
,,,,,,,,,,,,,,,,,,,,,,,,,JW중외제약2우B,,,,,,,,,,한국비엔씨,,에쎈테크,,,옵토팩,,,,,,삼기오토모티브,,,,,,,,,,,,,,,,,,,,,동성화학,,,,,,,,,,,,,
,,,,,,,,,,,,,,,,,,,,,,,,,바이넥스,,,,,,,,,,KODEX 퀄리티Plus,,,,,마이크로프랜드,,,,,,코다코,,,,,,,,,,,,,,,,,,,,,한국석유,,,,,,,,,,,,,
,,,,,,,,,,,,,,,,,,,,,,,,,녹십자홀딩스2우,,,,,,,,,,TIGER 생활필수품,,,,,제너셈,,,,,,대우부품,,,,,,,,,,,,,,,,,,,,,한국알콜,,,,,,,,,,,,,
,,,,,,,,,,,,,,,,,,,,,,,,,파마리서치프로덕트,,,,,,,,,,TIGER 여행레저,,,,,엘오티베큠,,,,,,구영테크,,,,,,,,,,,,,,,,,,,,,코스모화학,,,,,,,,,,,,,
,,,,,,,,,,,,,,,,,,,,,,,,,비씨월드제약,,,,,,,,,,삼성 레버리지 China A50 선물 ETN(H),,,,,엔시트론,,,,,,화승알앤에이,,,,,,,,,,,,,,,,,,,,,한화,,,,,,,,,,,,,
,,,,,,,,,,,,,,,,,,,,,,,,,유나이티드제약,,,,,,,,,,QV 에너지 TOP5 ETN,,,,,에이디칩스,,,,,,코프라,,,,,,,,,,,,,,,,,,,,,태광산업,,,,,,,,,,,,,
,,,,,,,,,,,,,,,,,,,,,,,,,동아쏘시오홀딩스,,,,,,,,,,KINDEX 골드선물 인버스2X(합성 H),,,,,마이크로컨텍솔,,,,,,모토닉,,,,,,,,,,,,,,,,,,,,,리켐,,,,,,,,,,,,,
,,,,,,,,,,,,,,,,,,,,,,,,,JW중외제약우,,,,,,,,,,KODEX MSCI퀄리티,,,,,타이거일렉,,,,,,평화홀딩스,,,,,,,,,,,,,,,,,,,,,티케이케미칼,,,,,,,,,,,,,
,,,,,,,,,,,,,,,,,,,,,,,,,서울제약,,,,,,,,,,KBSTAR 헬스케어,,,,,티에스이,,,,,,서연이화,,,,,,,,,,,,,,,,,,,,,KPX홀딩스,,,,,,,,,,,,,
,,,,,,,,,,,,,,,,,,,,,,,,,현성바이탈,,,,,,,,,,KODEX 미국S&P에너지(합성),,,,,에스티아이,,,,,,일지테크,,,,,,,,,,,,,,,,,,,,,켐트로스,,,,,,,,,,,,,
,,,,,,,,,,,,,,,,,,,,,,,,,넥스트BT,,,,,,,,,,TIGER 코스닥150 레버리지,,,,,,,,,,,금호타이어,,,,,,,,,,,,,,,,,,,,,한화우,,,,,,,,,,,,,
,,,,,,,,,,,,,,,,,,,,,,,,,대웅,,,,,,,,,,TIGER 구리실물,,,,,,,,,,,서연탑메탈,,,,,,,,,,,,,,,,,,,,,와이오엠,,,,,,,,,,,,,
,,,,,,,,,,,,,,,,,,,,,,,,,씨티씨바이오,,,,,,,,,,신한 USD K200 선물 바이셀 ETN,,,,,,,,,,,한국타이어,,,,,,,,,,,,,,,,,,,,,SKC코오롱PI,,,,,,,,,,,,,
,,,,,,,,,,,,,,,,,,,,,,,,,에이치엘사이언스,,,,,,,,,,신한 인버스 콩 선물 ETN(H),,,,,,,,,,,넥센타이어,,,,,,,,,,,,,,,,,,,,,에코프로,,,,,,,,,,,,,
,,,,,,,,,,,,,,,,,,,,,,,,,이연제약,,,,,,,,,,TRUE 인버스 차이나H ETN(H),,,,,,,,,,,태원물산,,,,,,,,,,,,,,,,,,,,,코스모신소재,,,,,,,,,,,,,
,,,,,,,,,,,,,,,,,,,,,,,,,신신제약,,,,,,,,,,KODEX 미국S&P IT(합성),,,,,,,,,,,아진산업,,,,,,,,,,,,,,,,,,,,,원익머트리얼즈,,,,,,,,,,,,,
,,,,,,,,,,,,,,,,,,,,,,,,,코오롱생명과학,,,,,,,,,,TRUE 코스피 커버드풋 ETN B,,,,,,,,,,,경창산업,,,,,,,,,,,,,,,,,,,,,코오롱,,,,,,,,,,,,,
,,,,,,,,,,,,,,,,,,,,,,,,,,,,,,,,,,,KBSTAR 중국본토대형주CSI100,,,,,,,,,,,한라홀딩스,,,,,,,,,,,,,,,,,,,,,엔피케이,,,,,,,,,,,,,
,,,,,,,,,,,,,,,,,,,,,,,,,,,,,,,,,,,KBSTAR 200선물인버스2X,,,,,,,,,,,동국실업,,,,,,,,,,,,,,,,,,,,,코오롱우,,,,,,,,,,,,,
,,,,,,,,,,,,,,,,,,,,,,,,,,,,,,,,,,,대신 니켈선물 ETN(H),,,,,,,,,,,DRB동일,,,,,,,,,,,,,,,,,,,,,,,,,,,,,,,,,,
,,,,,,,,,,,,,,,,,,,,,,,,,,,,,,,,,,,KINDEX 베트남VN30(합성),,,,,,,,,,,태양금속우,,,,,,,,,,,,,,,,,,,,,,,,,,,,,,,,,,
,,,,,,,,,,,,,,,,,,,,,,,,,,,,,,,,,,,에이리츠,,,,,,,,,,,유니크,,,,,,,,,,,,,,,,,,,,,,,,,,,,,,,,,,
,,,,,,,,,,,,,,,,,,,,,,,,,,,,,,,,,,,IBKS제6호스팩,,,,,,,,,,,서연전자,,,,,,,,,,,,,,,,,,,,,,,,,,,,,,,,,,
,,,,,,,,,,,,,,,,,,,,,,,,,,,,,,,,,,,QV 미국 IT TOP5 ETN(H),,,,,,,,,,,티피씨글로벌,,,,,,,,,,,,,,,,,,,,,,,,,,,,,,,,,,
,,,,,,,,,,,,,,,,,,,,,,,,,,,,,,,,,,,툴젠,,,,,,,,,,,우신시스템,,,,,,,,,,,,,,,,,,,,,,,,,,,,,,,,,,
,,,,,,,,,,,,,,,,,,,,,,,,,,,,,,,,,,,KODEX 200선물인버스2X,,,,,,,,,,,한온시스템,,,,,,,,,,,,,,,,,,,,,,,,,,,,,,,,,,
,,,,,,,,,,,,,,,,,,,,,,,,,,,,,,,,,,,KINDEX 인도네시아MSCI(합성),,,,,,,,,,,에코플라스틱,,,,,,,,,,,,,,,,,,,,,,,,,,,,,,,,,,
,,,,,,,,,,,,,,,,,,,,,,,,,,,,,,,,,,,KINDEX 중국본토CSI300레버리지(합성),,,,,,,,,,,한국타이어월드와이드,,,,,,,,,,,,,,,,,,,,,,,,,,,,,,,,,,
,,,,,,,,,,,,,,,,,,,,,,,,,,,,,,,,,,,나눔테크,,,,,,,,,,,성창오토텍,,,,,,,,,,,,,,,,,,,,,,,,,,,,,,,,,,
,,,,,,,,,,,,,,,,,,,,,,,,,,,,,,,,,,,ARIRANG 200선물인버스2X,,,,,,,,,,,대성엘텍,,,,,,,,,,,,,,,,,,,,,,,,,,,,,,,,,,
,,,,,,,,,,,,,,,,,,,,,,,,,,,,,,,,,,,TIGER 200 헬스케어,,,,,,,,,,,덕양산업,,,,,,,,,,,,,,,,,,,,,,,,,,,,,,,,,,
,,,,,,,,,,,,,,,,,,,,,,,,,,,,,,,,,,,QV HMR 테마 ETN,,,,,,,,,,,미동앤씨네마,,,,,,,,,,,,,,,,,,,,,,,,,,,,,,,,,,
,,,,,,,,,,,,,,,,,,,,,,,,,,,,,,,,,,,KB Monthly Best 11 ETN,,,,,,,,,,,지엠비코리아,,,,,,,,,,,,,,,,,,,,,,,,,,,,,,,,,,
,,,,,,,,,,,,,,,,,,,,,,,,,,,,,,,,,,,KODEX 글로벌4차산업로보틱스(합성),,,,,,,,,,,디젠스,,,,,,,,,,,,,,,,,,,,,,,,,,,,,,,,,,
,,,,,,,,,,,,,,,,,,,,,,,,,,,,,,,,,,,QV 인버스 레버리지 S&P500 ETN,,,,,,,,,,,우리산업,,,,,,,,,,,,,,,,,,,,,,,,,,,,,,,,,,
,,,,,,,,,,,,,,,,,,,,,,,,,,,,,,,,,,,TIGER 헬스케어,,,,,,,,,,,우수AMS,,,,,,,,,,,,,,,,,,,,,,,,,,,,,,,,,,
,,,,,,,,,,,,,,,,,,,,,,,,,,,,,,,,,,,TIGER S&P글로벌헬스케어(합성),,,,,,,,,,,세방전지,,,,,,,,,,,,,,,,,,,,,,,,,,,,,,,,,,
,,,,,,,,,,,,,,,,,,,,,,,,,,,,,,,,,,,패션플랫폼,,,,,,,,,,,영화테크,,,,,,,,,,,,,,,,,,,,,,,,,,,,,,,,,,
,,,,,,,,,,,,,,,,,,,,,,,,,,,,,,,,,,,KBSTAR 코스닥150선물레버리지,,,,,,,,,,,엠에스오토텍,,,,,,,,,,,,,,,,,,,,,,,,,,,,,,,,,,
,,,,,,,,,,,,,,,,,,,,,,,,,,,,,,,,,,,TIGER 200선물인버스2X,,,,,,,,,,,평화정공,,,,,,,,,,,,,,,,,,,,,,,,,,,,,,,,,,
,,,,,,,,,,,,,,,,,,,,,,,,,,,,,,,,,,,KODEX 미국S&P산업재(합성),,,,,,,,,,,에이엔피,,,,,,,,,,,,,,,,,,,,,,,,,,,,,,,,,,
,,,,,,,,,,,,,,,,,,,,,,,,,,,,,,,,,,,TIGER 코스닥150IT,,,,,,,,,,,이젠텍,,,,,,,,,,,,,,,,,,,,,,,,,,,,,,,,,,
,,,,,,,,,,,,,,,,,,,,,,,,,,,,,,,,,,,KODEX 코스닥 150,,,,,,,,,,,화진,,,,,,,,,,,,,,,,,,,,,,,,,,,,,,,,,,
,,,,,,,,,,,,,,,,,,,,,,,,,,,,,,,,,,,삼성 바이오 테마주 ETN,,,,,,,,,,,삼보산업,,,,,,,,,,,,,,,,,,,,,,,,,,,,,,,,,,
,,,,,,,,,,,,,,,,,,,,,,,,,,,,,,,,,,,TIGER 차이나CSI300레버리지(합성),,,,,,,,,,,,,,,,,,,,,,,,,,,,,,,,,,,,,,,,,,,,,
,,,,,,,,,,,,,,,,,,,,,,,,,,,,,,,,,,,하나머스트4호스팩,,,,,,,,,,,,,,,,,,,,,,,,,,,,,,,,,,,,,,,,,,,,,
,,,,,,,,,,,,,,,,,,,,,,,,,,,,,,,,,,,KODEX 경기소비재,,,,,,,,,,,,,,,,,,,,,,,,,,,,,,,,,,,,,,,,,,,,,
,,,,,,,,,,,,,,,,,,,,,,,,,,,,,,,,,,,미래에셋 미국 헬스케어 ETN(H),,,,,,,,,,,,,,,,,,,,,,,,,,,,,,,,,,,,,,,,,,,,,
,,,,,,,,,,,,,,,,,,,,,,,,,,,,,,,,,,,케이티비스팩2호,,,,,,,,,,,,,,,,,,,,,,,,,,,,,,,,,,,,,,,,,,,,,
,,,,,,,,,,,,,,,,,,,,,,,,,,,,,,,,,,,KODEX 코스닥150 레버리지,,,,,,,,,,,,,,,,,,,,,,,,,,,,,,,,,,,,,,,,,,,,,
,,,,,,,,,,,,,,,,,,,,,,,,,,,,,,,,,,,KINDEX 코스닥(합성),,,,,,,,,,,,,,,,,,,,,,,,,,,,,,,,,,,,,,,,,,,,,
,,,,,,,,,,,,,,,,,,,,,,,,,,,,,,,,,,,삼성 미국 대형 가치주 ETN,,,,,,,,,,,,,,,,,,,,,,,,,,,,,,,,,,,,,,,,,,,,,
,,,,,,,,,,,,,,,,,,,,,,,,,,,,,,,,,,,삼성 China A50 선물 ETN(H),,,,,,,,,,,,,,,,,,,,,,,,,,,,,,,,,,,,,,,,,,,,,
,,,,,,,,,,,,,,,,,,,,,,,,,,,,,,,,,,,QV CHINEXT ETN(H),,,,,,,,,,,,,,,,,,,,,,,,,,,,,,,,,,,,,,,,,,,,,
,,,,,,,,,,,,,,,,,,,,,,,,,,,,,,,,,,,신한 인버스 금 선물 ETN(H),,,,,,,,,,,,,,,,,,,,,,,,,,,,,,,,,,,,,,,,,,,,,
,,,,,,,,,,,,,,,,,,,,,,,,,,,,,,,,,,,TIGER 코스피중형주,,,,,,,,,,,,,,,,,,,,,,,,,,,,,,,,,,,,,,,,,,,,,
,,,,,,,,,,,,,,,,,,,,,,,,,,,,,,,,,,,미래에셋 레버리지 S&P500 ETN(H),,,,,,,,,,,,,,,,,,,,,,,,,,,,,,,,,,,,,,,,,,,,,
,,,,,,,,,,,,,,,,,,,,,,,,,,,,,,,,,,,KBSTAR 코스닥150,,,,,,,,,,,,,,,,,,,,,,,,,,,,,,,,,,,,,,,,,,,,,
,,,,,,,,,,,,,,,,,,,,,,,,,,,,,,,,,,,TIGER 200 건설,,,,,,,,,,,,,,,,,,,,,,,,,,,,,,,,,,,,,,,,,,,,,
,,,,,,,,,,,,,,,,,,,,,,,,,,,,,,,,,,,에스엘에스바이오,,,,,,,,,,,,,,,,,,,,,,,,,,,,,,,,,,,,,,,,,,,,,
,,,,,,,,,,,,,,,,,,,,,,,,,,,,,,,,,,,TIGER 글로벌4차산업혁신기술(합성 H),,,,,,,,,,,,,,,,,,,,,,,,,,,,,,,,,,,,,,,,,,,,,
,,,,,,,,,,,,,,,,,,,,,,,,,,,,,,,,,,,미래에셋 전기전자 Core5 ETN,,,,,,,,,,,,,,,,,,,,,,,,,,,,,,,,,,,,,,,,,,,,,
,,,,,,,,,,,,,,,,,,,,,,,,,,,,,,,,,,,삼성 화장품 테마주 ETN,,,,,,,,,,,,,,,,,,,,,,,,,,,,,,,,,,,,,,,,,,,,,
,,,,,,,,,,,,,,,,,,,,,,,,,,,,,,,,,,,QV 대체에너지 테마 ETN,,,,,,,,,,,,,,,,,,,,,,,,,,,,,,,,,,,,,,,,,,,,,
,,,,,,,,,,,,,,,,,,,,,,,,,,,,,,,,,,,TIGER 미국S&P500레버리지(합성 H),,,,,,,,,,,,,,,,,,,,,,,,,,,,,,,,,,,,,,,,,,,,,
,,,,,,,,,,,,,,,,,,,,,,,,,,,,,,,,,,,KOSEF 200선물인버스2X,,,,,,,,,,,,,,,,,,,,,,,,,,,,,,,,,,,,,,,,,,,,,
,,,,,,,,,,,,,,,,,,,,,,,,,,,,,,,,,,,TRUE 코스피 커버드풋 ETN,,,,,,,,,,,,,,,,,,,,,,,,,,,,,,,,,,,,,,,,,,,,,
,,,,,,,,,,,,,,,,,,,,,,,,,,,,,,,,,,,비디아이,,,,,,,,,,,,,,,,,,,,,,,,,,,,,,,,,,,,,,,,,,,,,
,,,,,,,,,,,,,,,,,,,,,,,,,,,,,,,,,,,KODEX 심천ChiNext(합성),,,,,,,,,,,,,,,,,,,,,,,,,,,,,,,,,,,,,,,,,,,,,
,,,,,,,,,,,,,,,,,,,,,,,,,,,,,,,,,,,TIGER 코스닥150,,,,,,,,,,,,,,,,,,,,,,,,,,,,,,,,,,,,,,,,,,,,,
,,,,,,,,,,,,,,,,,,,,,,,,,,,,,,,,,,,삼성 미국 대형 성장주 ETN(H),,,,,,,,,,,,,,,,,,,,,,,,,,,,,,,,,,,,,,,,,,,,,
,,,,,,,,,,,,,,,,,,,,,,,,,,,,,,,,,,,ARIRANG 글로벌MSCI(합성 H),,,,,,,,,,,,,,,,,,,,,,,,,,,,,,,,,,,,,,,,,,,,,
,,,,,,,,,,,,,,,,,,,,,,,,,,,,,,,,,,,신한 MSCI 인도네시아 선물 ETN(H),,,,,,,,,,,,,,,,,,,,,,,,,,,,,,,,,,,,,,,,,,,,,
,,,,,,,,,,,,,,,,,,,,,,,,,,,,,,,,,,,KINDEX 인버스,,,,,,,,,,,,,,,,,,,,,,,,,,,,,,,,,,,,,,,,,,,,,
,,,,,,,,,,,,,,,,,,,,,,,,,,,,,,,,,,,유진스팩3호,,,,,,,,,,,,,,,,,,,,,,,,,,,,,,,,,,,,,,,,,,,,,
,,,,,,,,,,,,,,,,,,,,,,,,,,,,,,,,,,,하나금융9호스팩,,,,,,,,,,,,,,,,,,,,,,,,,,,,,,,,,,,,,,,,,,,,,
,,,,,,,,,,,,,,,,,,,,,,,,,,,,,,,,,,,제노텍,,,,,,,,,,,,,,,,,,,,,,,,,,,,,,,,,,,,,,,,,,,,,
,,,,,,,,,,,,,,,,,,,,,,,,,,,,,,,,,,,KODEX 헬스케어,,,,,,,,,,,,,,,,,,,,,,,,,,,,,,,,,,,,,,,,,,,,,
,,,,,,,,,,,,,,,,,,,,,,,,,,,,,,,,,,,엔에이치스팩12호,,,,,,,,,,,,,,,,,,,,,,,,,,,,,,,,,,,,,,,,,,,,,
,,,,,,,,,,,,,,,,,,,,,,,,,,,,,,,,,,,QV OLED 테마 ETN,,,,,,,,,,,,,,,,,,,,,,,,,,,,,,,,,,,,,,,,,,,,,
,,,,,,,,,,,,,,,,,,,,,,,,,,,,,,,,,,,TIGER 인버스,,,,,,,,,,,,,,,,,,,,,,,,,,,,,,,,,,,,,,,,,,,,,
,,,,,,,,,,,,,,,,,,,,,,,,,,,,,,,,,,,TIGER 코스닥150바이오테크,,,,,,,,,,,,,,,,,,,,,,,,,,,,,,,,,,,,,,,,,,,,,
,,,,,,,,,,,,,,,,,,,,,,,,,,,,,,,,,,,KBSTAR V&S셀렉트밸류,,,,,,,,,,,,,,,,,,,,,,,,,,,,,,,,,,,,,,,,,,,,,
,,,,,,,,,,,,,,,,,,,,,,,,,,,,,,,,,,,삼성 미국 대형 성장주 ETN,,,,,,,,,,,,,,,,,,,,,,,,,,,,,,,,,,,,,,,,,,,,,
,,,,,,,,,,,,,,,,,,,,,,,,,,,,,,,,,,,QV 스마트리밸런싱 250/3 ETN,,,,,,,,,,,,,,,,,,,,,,,,,,,,,,,,,,,,,,,,,,,,,
,,,,,,,,,,,,,,,,,,,,,,,,,,,,,,,,,,,TIGER 경기방어,,,,,,,,,,,,,,,,,,,,,,,,,,,,,,,,,,,,,,,,,,,,,
,,,,,,,,,,,,,,,,,,,,,,,,,,,,,,,,,,,KINDEX 중국본토CSI300,,,,,,,,,,,,,,,,,,,,,,,,,,,,,,,,,,,,,,,,,,,,,
,,,,,,,,,,,,,,,,,,,,,,,,,,,,,,,,,,,TIGER 배당성장,,,,,,,,,,,,,,,,,,,,,,,,,,,,,,,,,,,,,,,,,,,,,
,,,,,,,,,,,,,,,,,,,,,,,,,,,,,,,,,,,KODEX 인버스,,,,,,,,,,,,,,,,,,,,,,,,,,,,,,,,,,,,,,,,,,,,,
,,,,,,,,,,,,,,,,,,,,,,,,,,,,,,,,,,,하이골드12호,,,,,,,,,,,,,,,,,,,,,,,,,,,,,,,,,,,,,,,,,,,,,
,,,,,,,,,,,,,,,,,,,,,,,,,,,,,,,,,,,TRUE 인버스 유로스탁스50 ETN(H),,,,,,,,,,,,,,,,,,,,,,,,,,,,,,,,,,,,,,,,,,,,,
,,,,,,,,,,,,,,,,,,,,,,,,,,,,,,,,,,,TRUE 코리아프리미어 ETN,,,,,,,,,,,,,,,,,,,,,,,,,,,,,,,,,,,,,,,,,,,,,
,,,,,,,,,,,,,,,,,,,,,,,,,,,,,,,,,,,한국패러랠,,,,,,,,,,,,,,,,,,,,,,,,,,,,,,,,,,,,,,,,,,,,,
,,,,,,,,,,,,,,,,,,,,,,,,,,,,,,,,,,,TIGER 대만TAIEX선물(H),,,,,,,,,,,,,,,,,,,,,,,,,,,,,,,,,,,,,,,,,,,,,
,,,,,,,,,,,,,,,,,,,,,,,,,,,,,,,,,,,KBSTAR 글로벌4차산업IT(합성 H),,,,,,,,,,,,,,,,,,,,,,,,,,,,,,,,,,,,,,,,,,,,,
,,,,,,,,,,,,,,,,,,,,,,,,,,,,,,,,,,,KODEX 독일MSCI(합성),,,,,,,,,,,,,,,,,,,,,,,,,,,,,,,,,,,,,,,,,,,,,
,,,,,,,,,,,,,,,,,,,,,,,,,,,,,,,,,,,메디젠휴먼케어,,,,,,,,,,,,,,,,,,,,,,,,,,,,,,,,,,,,,,,,,,,,,
,,,,,,,,,,,,,,,,,,,,,,,,,,,,,,,,,,,KOSEF 200선물인버스,,,,,,,,,,,,,,,,,,,,,,,,,,,,,,,,,,,,,,,,,,,,,
,,,,,,,,,,,,,,,,,,,,,,,,,,,,,,,,,,,신한 달러인덱스 선물 ETN(H),,,,,,,,,,,,,,,,,,,,,,,,,,,,,,,,,,,,,,,,,,,,,
,,,,,,,,,,,,,,,,,,,,,,,,,,,,,,,,,,,미래에셋 원자재 선물 ETN(H),,,,,,,,,,,,,,,,,,,,,,,,,,,,,,,,,,,,,,,,,,,,,
,,,,,,,,,,,,,,,,,,,,,,,,,,,,,,,,,,,KB KQ 우량주30 ETN,,,,,,,,,,,,,,,,,,,,,,,,,,,,,,,,,,,,,,,,,,,,,
,,,,,,,,,,,,,,,,,,,,,,,,,,,,,,,,,,,TIGER 반도체,,,,,,,,,,,,,,,,,,,,,,,,,,,,,,,,,,,,,,,,,,,,,
,,,,,,,,,,,,,,,,,,,,,,,,,,,,,,,,,,,KODEX 건설,,,,,,,,,,,,,,,,,,,,,,,,,,,,,,,,,,,,,,,,,,,,,
,,,,,,,,,,,,,,,,,,,,,,,,,,,,,,,,,,,KODEX 미국달러선물레버리지,,,,,,,,,,,,,,,,,,,,,,,,,,,,,,,,,,,,,,,,,,,,,
,,,,,,,,,,,,,,,,,,,,,,,,,,,,,,,,,,,미래에셋 미국 대형주 ETN(H),,,,,,,,,,,,,,,,,,,,,,,,,,,,,,,,,,,,,,,,,,,,,
,,,,,,,,,,,,,,,,,,,,,,,,,,,,,,,,,,,KODEX 기계장비,,,,,,,,,,,,,,,,,,,,,,,,,,,,,,,,,,,,,,,,,,,,,
,,,,,,,,,,,,,,,,,,,,,,,,,,,,,,,,,,,TIGER 차이나CSI300,,,,,,,,,,,,,,,,,,,,,,,,,,,,,,,,,,,,,,,,,,,,,
,,,,,,,,,,,,,,,,,,,,,,,,,,,,,,,,,,,KODEX S&P글로벌인프라(합성),,,,,,,,,,,,,,,,,,,,,,,,,,,,,,,,,,,,,,,,,,,,,
,,,,,,,,,,,,,,,,,,,,,,,,,,,,,,,,,,,삼성 Cushing 에너지인프라 MLP ETN,,,,,,,,,,,,,,,,,,,,,,,,,,,,,,,,,,,,,,,,,,,,,
,,,,,,,,,,,,,,,,,,,,,,,,,,,,,,,,,,,TIGER 200 생활소비재,,,,,,,,,,,,,,,,,,,,,,,,,,,,,,,,,,,,,,,,,,,,,
,,,,,,,,,,,,,,,,,,,,,,,,,,,,,,,,,,,KINDEX 미국4차산업인터넷(합성 H),,,,,,,,,,,,,,,,,,,,,,,,,,,,,,,,,,,,,,,,,,,,,
,,,,,,,,,,,,,,,,,,,,,,,,,,,,,,,,,,,KOSEF 미국달러선물 레버리지(합성),,,,,,,,,,,,,,,,,,,,,,,,,,,,,,,,,,,,,,,,,,,,,
,,,,,,,,,,,,,,,,,,,,,,,,,,,,,,,,,,,KBSTAR V&S셀렉트밸류채권혼합,,,,,,,,,,,,,,,,,,,,,,,,,,,,,,,,,,,,,,,,,,,,,
,,,,,,,,,,,,,,,,,,,,,,,,,,,,,,,,,,,삼성 레저 테마주 ETN,,,,,,,,,,,,,,,,,,,,,,,,,,,,,,,,,,,,,,,,,,,,,
,,,,,,,,,,,,,,,,,,,,,,,,,,,,,,,,,,,삼성 레버리지 인도 Nifty50 선물 ETN(H),,,,,,,,,,,,,,,,,,,,,,,,,,,,,,,,,,,,,,,,,,,,,
,,,,,,,,,,,,,,,,,,,,,,,,,,,,,,,,,,,미래에셋 유럽 중형주 ETN(H),,,,,,,,,,,,,,,,,,,,,,,,,,,,,,,,,,,,,,,,,,,,,
,,,,,,,,,,,,,,,,,,,,,,,,,,,,,,,,,,,삼성 음식료 테마주 ETN,,,,,,,,,,,,,,,,,,,,,,,,,,,,,,,,,,,,,,,,,,,,,
,,,,,,,,,,,,,,,,,,,,,,,,,,,,,,,,,,,KB 우량주 Monthly Best 11 ETN,,,,,,,,,,,,,,,,,,,,,,,,,,,,,,,,,,,,,,,,,,,,,
,,,,,,,,,,,,,,,,,,,,,,,,,,,,,,,,,,,TIGER 방송통신,,,,,,,,,,,,,,,,,,,,,,,,,,,,,,,,,,,,,,,,,,,,,
,,,,,,,,,,,,,,,,,,,,,,,,,,,,,,,,,,,TIGER 200 IT,,,,,,,,,,,,,,,,,,,,,,,,,,,,,,,,,,,,,,,,,,,,,
,,,,,,,,,,,,,,,,,,,,,,,,,,,,,,,,,,,골든브릿지제3호스팩,,,,,,,,,,,,,,,,,,,,,,,,,,,,,,,,,,,,,,,,,,,,,
,,,,,,,,,,,,,,,,,,,,,,,,,,,,,,,,,,,케이비제8호스팩,,,,,,,,,,,,,,,,,,,,,,,,,,,,,,,,,,,,,,,,,,,,,
,,,,,,,,,,,,,,,,,,,,,,,,,,,,,,,,,,,동부제4호스팩,,,,,,,,,,,,,,,,,,,,,,,,,,,,,,,,,,,,,,,,,,,,,
,,,,,,,,,,,,,,,,,,,,,,,,,,,,,,,,,,,미래에셋대우스팩1호,,,,,,,,,,,,,,,,,,,,,,,,,,,,,,,,,,,,,,,,,,,,,
,,,,,,,,,,,,,,,,,,,,,,,,,,,,,,,,,,,교보7호스팩,,,,,,,,,,,,,,,,,,,,,,,,,,,,,,,,,,,,,,,,,,,,,
,,,,,,,,,,,,,,,,,,,,,,,,,,,,,,,,,,,한국제5호스팩,,,,,,,,,,,,,,,,,,,,,,,,,,,,,,,,,,,,,,,,,,,,,
,,,,,,,,,,,,,,,,,,,,,,,,,,,,,,,,,,,미래에셋 미국 시니어론 100 ETN,,,,,,,,,,,,,,,,,,,,,,,,,,,,,,,,,,,,,,,,,,,,,
,,,,,,,,,,,,,,,,,,,,,,,,,,,,,,,,,,,KODEX 최소변동성,,,,,,,,,,,,,,,,,,,,,,,,,,,,,,,,,,,,,,,,,,,,,
,,,,,,,,,,,,,,,,,,,,,,,,,,,,,,,,,,,미래에셋 미국 중형주 ETN(H),,,,,,,,,,,,,,,,,,,,,,,,,,,,,,,,,,,,,,,,,,,,,
,,,,,,,,,,,,,,,,,,,,,,,,,,,,,,,,,,,KODEX KOREA MSCI,,,,,,,,,,,,,,,,,,,,,,,,,,,,,,,,,,,,,,,,,,,,,
,,,,,,,,,,,,,,,,,,,,,,,,,,,,,,,,,,,크로넥스,,,,,,,,,,,,,,,,,,,,,,,,,,,,,,,,,,,,,,,,,,,,,
,,,,,,,,,,,,,,,,,,,,,,,,,,,,,,,,,,,QV 화학 TOP5 ETN,,,,,,,,,,,,,,,,,,,,,,,,,,,,,,,,,,,,,,,,,,,,,
,,,,,,,,,,,,,,,,,,,,,,,,,,,,,,,,,,,KODEX 중국본토 A50,,,,,,,,,,,,,,,,,,,,,,,,,,,,,,,,,,,,,,,,,,,,,
,,,,,,,,,,,,,,,,,,,,,,,,,,,,,,,,,,,KBSTAR 헬스케어채권혼합,,,,,,,,,,,,,,,,,,,,,,,,,,,,,,,,,,,,,,,,,,,,,
,,,,,,,,,,,,,,,,,,,,,,,,,,,,,,,,,,,KODEX 고배당,,,,,,,,,,,,,,,,,,,,,,,,,,,,,,,,,,,,,,,,,,,,,
,,,,,,,,,,,,,,,,,,,,,,,,,,,,,,,,,,,QV 농업 테마 ETN,,,,,,,,,,,,,,,,,,,,,,,,,,,,,,,,,,,,,,,,,,,,,
,,,,,,,,,,,,,,,,,,,,,,,,,,,,,,,,,,,KODEX 성장투자,,,,,,,,,,,,,,,,,,,,,,,,,,,,,,,,,,,,,,,,,,,,,
,,,,,,,,,,,,,,,,,,,,,,,,,,,,,,,,,,,ARIRANG 심천차이넥스트(합성),,,,,,,,,,,,,,,,,,,,,,,,,,,,,,,,,,,,,,,,,,,,,
,,,,,,,,,,,,,,,,,,,,,,,,,,,,,,,,,,,신한 인버스 구리 선물 ETN(H),,,,,,,,,,,,,,,,,,,,,,,,,,,,,,,,,,,,,,,,,,,,,
,,,,,,,,,,,,,,,,,,,,,,,,,,,,,,,,,,,신한 인버스 옥수수 선물 ETN(H),,,,,,,,,,,,,,,,,,,,,,,,,,,,,,,,,,,,,,,,,,,,,
,,,,,,,,,,,,,,,,,,,,,,,,,,,,,,,,,,,삼성 Alerian 에너지인프라 MLP ETN,,,,,,,,,,,,,,,,,,,,,,,,,,,,,,,,,,,,,,,,,,,,,
,,,,,,,,,,,,,,,,,,,,,,,,,,,,,,,,,,,TIGER 미국나스닥100,,,,,,,,,,,,,,,,,,,,,,,,,,,,,,,,,,,,,,,,,,,,,
,,,,,,,,,,,,,,,,,,,,,,,,,,,,,,,,,,,KODEX 운송,,,,,,,,,,,,,,,,,,,,,,,,,,,,,,,,,,,,,,,,,,,,,
,,,,,,,,,,,,,,,,,,,,,,,,,,,,,,,,,,,KBSTAR 미국장기국채선물레버리지(합성 H),,,,,,,,,,,,,,,,,,,,,,,,,,,,,,,,,,,,,,,,,,,,,
,,,,,,,,,,,,,,,,,,,,,,,,,,,,,,,,,,,KOSEF 미국달러선물,,,,,,,,,,,,,,,,,,,,,,,,,,,,,,,,,,,,,,,,,,,,,
,,,,,,,,,,,,,,,,,,,,,,,,,,,,,,,,,,,씨티네트웍스,,,,,,,,,,,,,,,,,,,,,,,,,,,,,,,,,,,,,,,,,,,,,
,,,,,,,,,,,,,,,,,,,,,,,,,,,,,,,,,,,KBSTAR 200선물인버스,,,,,,,,,,,,,,,,,,,,,,,,,,,,,,,,,,,,,,,,,,,,,
,,,,,,,,,,,,,,,,,,,,,,,,,,,,,,,,,,,TIGER 미국달러선물레버리지,,,,,,,,,,,,,,,,,,,,,,,,,,,,,,,,,,,,,,,,,,,,,
,,,,,,,,,,,,,,,,,,,,,,,,,,,,,,,,,,,마이티 코스피고배당,,,,,,,,,,,,,,,,,,,,,,,,,,,,,,,,,,,,,,,,,,,,,
,,,,,,,,,,,,,,,,,,,,,,,,,,,,,,,,,,,KODEX 미국달러선물,,,,,,,,,,,,,,,,,,,,,,,,,,,,,,,,,,,,,,,,,,,,,
,,,,,,,,,,,,,,,,,,,,,,,,,,,,,,,,,,,대신 인버스 아연선물 ETN(H),,,,,,,,,,,,,,,,,,,,,,,,,,,,,,,,,,,,,,,,,,,,,
,,,,,,,,,,,,,,,,,,,,,,,,,,,,,,,,,,,삼성 인버스 China A50 선물 ETN(H),,,,,,,,,,,,,,,,,,,,,,,,,,,,,,,,,,,,,,,,,,,,,
,,,,,,,,,,,,,,,,,,,,,,,,,,,,,,,,,,,삼성 건축자재 테마주 ETN,,,,,,,,,,,,,,,,,,,,,,,,,,,,,,,,,,,,,,,,,,,,,
,,,,,,,,,,,,,,,,,,,,,,,,,,,,,,,,,,,미래에셋 인버스 전기전자 Core5 ETN,,,,,,,,,,,,,,,,,,,,,,,,,,,,,,,,,,,,,,,,,,,,,
,,,,,,,,,,,,,,,,,,,,,,,,,,,,,,,,,,,TRUE 인버스 유로선물 ETN,,,,,,,,,,,,,,,,,,,,,,,,,,,,,,,,,,,,,,,,,,,,,
,,,,,,,,,,,,,,,,,,,,,,,,,,,,,,,,,,,KODEX 배당성장채권혼합,,,,,,,,,,,,,,,,,,,,,,,,,,,,,,,,,,,,,,,,,,,,,
,,,,,,,,,,,,,,,,,,,,,,,,,,,,,,,,,,,TRUE 인버스 엔선물 ETN,,,,,,,,,,,,,,,,,,,,,,,,,,,,,,,,,,,,,,,,,,,,,
,,,,,,,,,,,,,,,,,,,,,,,,,,,,,,,,,,,KODEX 구리선물(H),,,,,,,,,,,,,,,,,,,,,,,,,,,,,,,,,,,,,,,,,,,,,
,,,,,,,,,,,,,,,,,,,,,,,,,,,,,,,,,,,KODEX 국채선물10년인버스,,,,,,,,,,,,,,,,,,,,,,,,,,,,,,,,,,,,,,,,,,,,,
,,,,,,,,,,,,,,,,,,,,,,,,,,,,,,,,,,,TIGER 가격조정,,,,,,,,,,,,,,,,,,,,,,,,,,,,,,,,,,,,,,,,,,,,,
,,,,,,,,,,,,,,,,,,,,,,,,,,,,,,,,,,,TIGER 미국다우존스30,,,,,,,,,,,,,,,,,,,,,,,,,,,,,,,,,,,,,,,,,,,,,
,,,,,,,,,,,,,,,,,,,,,,,,,,,,,,,,,,,미래에셋 차이나 대표주 15 ETN(H),,,,,,,,,,,,,,,,,,,,,,,,,,,,,,,,,,,,,,,,,,,,,
,,,,,,,,,,,,,,,,,,,,,,,,,,,,,,,,,,,TRUE 섹터탑픽 ETN,,,,,,,,,,,,,,,,,,,,,,,,,,,,,,,,,,,,,,,,,,,,,
,,,,,,,,,,,,,,,,,,,,,,,,,,,,,,,,,,,미래에셋 유럽 대형주 ETN(H),,,,,,,,,,,,,,,,,,,,,,,,,,,,,,,,,,,,,,,,,,,,,
,,,,,,,,,,,,,,,,,,,,,,,,,,,,,,,,,,,KINDEX 삼성그룹동일가중,,,,,,,,,,,,,,,,,,,,,,,,,,,,,,,,,,,,,,,,,,,,,
,,,,,,,,,,,,,,,,,,,,,,,,,,,,,,,,,,,TIGER 미국S&P500선물(H),,,,,,,,,,,,,,,,,,,,,,,,,,,,,,,,,,,,,,,,,,,,,
,,,,,,,,,,,,,,,,,,,,,,,,,,,,,,,,,,,KOSEF 블루칩,,,,,,,,,,,,,,,,,,,,,,,,,,,,,,,,,,,,,,,,,,,,,
,,,,,,,,,,,,,,,,,,,,,,,,,,,,,,,,,,,KODEX KTOP30,,,,,,,,,,,,,,,,,,,,,,,,,,,,,,,,,,,,,,,,,,,,,
,,,,,,,,,,,,,,,,,,,,,,,,,,,,,,,,,,,TIGER 인도니프티50레버리지(합성),,,,,,,,,,,,,,,,,,,,,,,,,,,,,,,,,,,,,,,,,,,,,
,,,,,,,,,,,,,,,,,,,,,,,,,,,,,,,,,,,ARIRANG 스마트베타 Quality,,,,,,,,,,,,,,,,,,,,,,,,,,,,,,,,,,,,,,,,,,,,,
,,,,,,,,,,,,,,,,,,,,,,,,,,,,,,,,,,,KODEX 밸류Plus,,,,,,,,,,,,,,,,,,,,,,,,,,,,,,,,,,,,,,,,,,,,,
,,,,,,,,,,,,,,,,,,,,,,,,,,,,,,,,,,,TIGER S&P글로벌인프라(합성),,,,,,,,,,,,,,,,,,,,,,,,,,,,,,,,,,,,,,,,,,,,,
,,,,,,,,,,,,,,,,,,,,,,,,,,,,,,,,,,,KODEX 3대농산물선물(H),,,,,,,,,,,,,,,,,,,,,,,,,,,,,,,,,,,,,,,,,,,,,
,,,,,,,,,,,,,,,,,,,,,,,,,,,,,,,,,,,QV WISE 배당 ETN,,,,,,,,,,,,,,,,,,,,,,,,,,,,,,,,,,,,,,,,,,,,,
,,,,,,,,,,,,,,,,,,,,,,,,,,,,,,,,,,,미래에셋 미국 고배당주 ETN(H),,,,,,,,,,,,,,,,,,,,,,,,,,,,,,,,,,,,,,,,,,,,,
,,,,,,,,,,,,,,,,,,,,,,,,,,,,,,,,,,,KODEX 배당성장,,,,,,,,,,,,,,,,,,,,,,,,,,,,,,,,,,,,,,,,,,,,,
,,,,,,,,,,,,,,,,,,,,,,,,,,,,,,,,,,,KBSTAR KQ고배당,,,,,,,,,,,,,,,,,,,,,,,,,,,,,,,,,,,,,,,,,,,,,
,,,,,,,,,,,,,,,,,,,,,,,,,,,,,,,,,,,KINDEX 스마트모멘텀,,,,,,,,,,,,,,,,,,,,,,,,,,,,,,,,,,,,,,,,,,,,,
,,,,,,,,,,,,,,,,,,,,,,,,,,,,,,,,,,,삼성 인도 Nifty50 선물 ETN(H),,,,,,,,,,,,,,,,,,,,,,,,,,,,,,,,,,,,,,,,,,,,,
,,,,,,,,,,,,,,,,,,,,,,,,,,,,,,,,,,,KOSEF 통안채1년,,,,,,,,,,,,,,,,,,,,,,,,,,,,,,,,,,,,,,,,,,,,,
,,,,,,,,,,,,,,,,,,,,,,,,,,,,,,,,,,,KOSEF 단기자금,,,,,,,,,,,,,,,,,,,,,,,,,,,,,,,,,,,,,,,,,,,,,
,,,,,,,,,,,,,,,,,,,,,,,,,,,,,,,,,,,파워 고배당저변동성,,,,,,,,,,,,,,,,,,,,,,,,,,,,,,,,,,,,,,,,,,,,,
,,,,,,,,,,,,,,,,,,,,,,,,,,,,,,,,,,,TIGER 단기채권액티브,,,,,,,,,,,,,,,,,,,,,,,,,,,,,,,,,,,,,,,,,,,,,
,,,,,,,,,,,,,,,,,,,,,,,,,,,,,,,,,,,TIGER 단기통안채,,,,,,,,,,,,,,,,,,,,,,,,,,,,,,,,,,,,,,,,,,,,,
,,,,,,,,,,,,,,,,,,,,,,,,,,,,,,,,,,,ARIRANG 단기유동성,,,,,,,,,,,,,,,,,,,,,,,,,,,,,,,,,,,,,,,,,,,,,
,,,,,,,,,,,,,,,,,,,,,,,,,,,,,,,,,,,KBSTAR 단기통안채,,,,,,,,,,,,,,,,,,,,,,,,,,,,,,,,,,,,,,,,,,,,,
,,,,,,,,,,,,,,,,,,,,,,,,,,,,,,,,,,,ARIRANG 단기우량채권,,,,,,,,,,,,,,,,,,,,,,,,,,,,,,,,,,,,,,,,,,,,,
,,,,,,,,,,,,,,,,,,,,,,,,,,,,,,,,,,,에프앤가이드,,,,,,,,,,,,,,,,,,,,,,,,,,,,,,,,,,,,,,,,,,,,,
,,,,,,,,,,,,,,,,,,,,,,,,,,,,,,,,,,,동북아12호,,,,,,,,,,,,,,,,,,,,,,,,,,,,,,,,,,,,,,,,,,,,,
,,,,,,,,,,,,,,,,,,,,,,,,,,,,,,,,,,,동북아13호,,,,,,,,,,,,,,,,,,,,,,,,,,,,,,,,,,,,,,,,,,,,,
,,,,,,,,,,,,,,,,,,,,,,,,,,,,,,,,,,,KODEX 반도체,,,,,,,,,,,,,,,,,,,,,,,,,,,,,,,,,,,,,,,,,,,,,
,,,,,,,,,,,,,,,,,,,,,,,,,,,,,,,,,,,TIGER 국채3년,,,,,,,,,,,,,,,,,,,,,,,,,,,,,,,,,,,,,,,,,,,,,
,,,,,,,,,,,,,,,,,,,,,,,,,,,,,,,,,,,대주이엔티,,,,,,,,,,,,,,,,,,,,,,,,,,,,,,,,,,,,,,,,,,,,,
,,,,,,,,,,,,,,,,,,,,,,,,,,,,,,,,,,,전우정밀,,,,,,,,,,,,,,,,,,,,,,,,,,,,,,,,,,,,,,,,,,,,,
,,,,,,,,,,,,,,,,,,,,,,,,,,,,,,,,,,,비나텍,,,,,,,,,,,,,,,,,,,,,,,,,,,,,,,,,,,,,,,,,,,,,
,,,,,,,,,,,,,,,,,,,,,,,,,,,,,,,,,,,TIGER 200 중공업,,,,,,,,,,,,,,,,,,,,,,,,,,,,,,,,,,,,,,,,,,,,,
,,,,,,,,,,,,,,,,,,,,,,,,,,,,,,,,,,,TIGER 금속선물(H),,,,,,,,,,,,,,,,,,,,,,,,,,,,,,,,,,,,,,,,,,,,,
,,,,,,,,,,,,,,,,,,,,,,,,,,,,,,,,,,,TIGER 금은선물(H),,,,,,,,,,,,,,,,,,,,,,,,,,,,,,,,,,,,,,,,,,,,,
,,,,,,,,,,,,,,,,,,,,,,,,,,,,,,,,,,,위월드,,,,,,,,,,,,,,,,,,,,,,,,,,,,,,,,,,,,,,,,,,,,,
,,,,,,,,,,,,,,,,,,,,,,,,,,,,,,,,,,,트러스제7호,,,,,,,,,,,,,,,,,,,,,,,,,,,,,,,,,,,,,,,,,,,,,
,,,,,,,,,,,,,,,,,,,,,,,,,,,,,,,,,,,케이탑리츠,,,,,,,,,,,,,,,,,,,,,,,,,,,,,,,,,,,,,,,,,,,,,
,,,,,,,,,,,,,,,,,,,,,,,,,,,,,,,,,,,비플라이소프트,,,,,,,,,,,,,,,,,,,,,,,,,,,,,,,,,,,,,,,,,,,,,
,,,,,,,,,,,,,,,,,,,,,,,,,,,,,,,,,,,아이케이세미콘,,,,,,,,,,,,,,,,,,,,,,,,,,,,,,,,,,,,,,,,,,,,,
,,,,,,,,,,,,,,,,,,,,,,,,,,,,,,,,,,,피노텍,,,,,,,,,,,,,,,,,,,,,,,,,,,,,,,,,,,,,,,,,,,,,
,,,,,,,,,,,,,,,,,,,,,,,,,,,,,,,,,,,한국ANKOR유전,,,,,,,,,,,,,,,,,,,,,,,,,,,,,,,,,,,,,,,,,,,,,
,,,,,,,,,,,,,,,,,,,,,,,,,,,,,,,,,,,KODEX 단기채권,,,,,,,,,,,,,,,,,,,,,,,,,,,,,,,,,,,,,,,,,,,,,
,,,,,,,,,,,,,,,,,,,,,,,,,,,,,,,,,,,하이골드3호,,,,,,,,,,,,,,,,,,,,,,,,,,,,,,,,,,,,,,,,,,,,,
,,,,,,,,,,,,,,,,,,,,,,,,,,,,,,,,,,,마이티 코스피100,,,,,,,,,,,,,,,,,,,,,,,,,,,,,,,,,,,,,,,,,,,,,
,,,,,,,,,,,,,,,,,,,,,,,,,,,,,,,,,,,오파스넷,,,,,,,,,,,,,,,,,,,,,,,,,,,,,,,,,,,,,,,,,,,,,
,,,,,,,,,,,,,,,,,,,,,,,,,,,,,,,,,,,포인트엔지니어링,,,,,,,,,,,,,,,,,,,,,,,,,,,,,,,,,,,,,,,,,,,,,
,,,,,,,,,,,,,,,,,,,,,,,,,,,,,,,,,,,파워 중기국고채,,,,,,,,,,,,,,,,,,,,,,,,,,,,,,,,,,,,,,,,,,,,,
,,,,,,,,,,,,,,,,,,,,,,,,,,,,,,,,,,,탑선,,,,,,,,,,,,,,,,,,,,,,,,,,,,,,,,,,,,,,,,,,,,,
,,,,,,,,,,,,,,,,,,,,,,,,,,,,,,,,,,,TIGER 미국MSCI리츠(합성 H),,,,,,,,,,,,,,,,,,,,,,,,,,,,,,,,,,,,,,,,,,,,,
,,,,,,,,,,,,,,,,,,,,,,,,,,,,,,,,,,,엘피케이,,,,,,,,,,,,,,,,,,,,,,,,,,,,,,,,,,,,,,,,,,,,,
,,,,,,,,,,,,,,,,,,,,,,,,,,,,,,,,,,,KINDEX 단기통안채,,,,,,,,,,,,,,,,,,,,,,,,,,,,,,,,,,,,,,,,,,,,,
,,,,,,,,,,,,,,,,,,,,,,,,,,,,,,,,,,,메디쎄이,,,,,,,,,,,,,,,,,,,,,,,,,,,,,,,,,,,,,,,,,,,,,
,,,,,,,,,,,,,,,,,,,,,,,,,,,,,,,,,,,모두투어리츠,,,,,,,,,,,,,,,,,,,,,,,,,,,,,,,,,,,,,,,,,,,,,
,,,,,,,,,,,,,,,,,,,,,,,,,,,,,,,,,,,볼빅,,,,,,,,,,,,,,,,,,,,,,,,,,,,,,,,,,,,,,,,,,,,,
,,,,,,,,,,,,,,,,,,,,,,,,,,,,,,,,,,,SMART 선진국MSCI World(합성 H),,,,,,,,,,,,,,,,,,,,,,,,,,,,,,,,,,,,,,,,,,,,,
,,,,,,,,,,,,,,,,,,,,,,,,,,,,,,,,,,,인카금융서비스,,,,,,,,,,,,,,,,,,,,,,,,,,,,,,,,,,,,,,,,,,,,,
,,,,,,,,,,,,,,,,,,,,,,,,,,,,,,,,,,,KODEX 단기채권PLUS,,,,,,,,,,,,,,,,,,,,,,,,,,,,,,,,,,,,,,,,,,,,,
,,,,,,,,,,,,,,,,,,,,,,,,,,,,,,,,,,,유진에이씨피씨스팩2호,,,,,,,,,,,,,,,,,,,,,,,,,,,,,,,,,,,,,,,,,,,,,
,,,,,,,,,,,,,,,,,,,,,,,,,,,,,,,,,,,대우스팩3호,,,,,,,,,,,,,,,,,,,,,,,,,,,,,,,,,,,,,,,,,,,,,
,,,,,,,,,,,,,,,,,,,,,,,,,,,,,,,,,,,엔에이치스팩7호,,,,,,,,,,,,,,,,,,,,,,,,,,,,,,,,,,,,,,,,,,,,,
,,,,,,,,,,,,,,,,,,,,,,,,,,,,,,,,,,,키움스팩3호,,,,,,,,,,,,,,,,,,,,,,,,,,,,,,,,,,,,,,,,,,,,,
,,,,,,,,,,,,,,,,,,,,,,,,,,,,,,,,,,,지티지웰니스,,,,,,,,,,,,,,,,,,,,,,,,,,,,,,,,,,,,,,,,,,,,,
,,,,,,,,,,,,,,,,,,,,,,,,,,,,,,,,,,,주노콜렉션,,,,,,,,,,,,,,,,,,,,,,,,,,,,,,,,,,,,,,,,,,,,,
,,,,,,,,,,,,,,,,,,,,,,,,,,,,,,,,,,,유투바이오,,,,,,,,,,,,,,,,,,,,,,,,,,,,,,,,,,,,,,,,,,,,,
,,,,,,,,,,,,,,,,,,,,,,,,,,,,,,,,,,,케이비드림3호스팩,,,,,,,,,,,,,,,,,,,,,,,,,,,,,,,,,,,,,,,,,,,,,
,,,,,,,,,,,,,,,,,,,,,,,,,,,,,,,,,,,에스케이씨에스,,,,,,,,,,,,,,,,,,,,,,,,,,,,,,,,,,,,,,,,,,,,,
,,,,,,,,,,,,,,,,,,,,,,,,,,,,,,,,,,,엔에스컴퍼니,,,,,,,,,,,,,,,,,,,,,,,,,,,,,,,,,,,,,,,,,,,,,
,,,,,,,,,,,,,,,,,,,,,,,,,,,,,,,,,,,IBKS제3호스팩,,,,,,,,,,,,,,,,,,,,,,,,,,,,,,,,,,,,,,,,,,,,,
,,,,,,,,,,,,,,,,,,,,,,,,,,,,,,,,,,,이베스트스팩3호,,,,,,,,,,,,,,,,,,,,,,,,,,,,,,,,,,,,,,,,,,,,,
,,,,,,,,,,,,,,,,,,,,,,,,,,,,,,,,,,,신영스팩2호,,,,,,,,,,,,,,,,,,,,,,,,,,,,,,,,,,,,,,,,,,,,,
,,,,,,,,,,,,,,,,,,,,,,,,,,,,,,,,,,,파워 단기채,,,,,,,,,,,,,,,,,,,,,,,,,,,,,,,,,,,,,,,,,,,,,
,,,,,,,,,,,,,,,,,,,,,,,,,,,,,,,,,,,키움스팩4호,,,,,,,,,,,,,,,,,,,,,,,,,,,,,,,,,,,,,,,,,,,,,
,,,,,,,,,,,,,,,,,,,,,,,,,,,,,,,,,,,골든브릿지제4호스팩,,,,,,,,,,,,,,,,,,,,,,,,,,,,,,,,,,,,,,,,,,,,,
,,,,,,,,,,,,,,,,,,,,,,,,,,,,,,,,,,,지노믹트리,,,,,,,,,,,,,,,,,,,,,,,,,,,,,,,,,,,,,,,,,,,,,
,,,,,,,,,,,,,,,,,,,,,,,,,,,,,,,,,,,케이비제9호스팩,,,,,,,,,,,,,,,,,,,,,,,,,,,,,,,,,,,,,,,,,,,,,
,,,,,,,,,,,,,,,,,,,,,,,,,,,,,,,,,,,SGA시스템즈,,,,,,,,,,,,,,,,,,,,,,,,,,,,,,,,,,,,,,,,,,,,,
,,,,,,,,,,,,,,,,,,,,,,,,,,,,,,,,,,,SK3호스팩,,,,,,,,,,,,,,,,,,,,,,,,,,,,,,,,,,,,,,,,,,,,,
,,,,,,,,,,,,,,,,,,,,,,,,,,,,,,,,,,,라온테크,,,,,,,,,,,,,,,,,,,,,,,,,,,,,,,,,,,,,,,,,,,,,
,,,,,,,,,,,,,,,,,,,,,,,,,,,,,,,,,,,시큐센,,,,,,,,,,,,,,,,,,,,,,,,,,,,,,,,,,,,,,,,,,,,,
,,,,,,,,,,,,,,,,,,,,,,,,,,,,,,,,,,,미래자원엠엘,,,,,,,,,,,,,,,,,,,,,,,,,,,,,,,,,,,,,,,,,,,,,
,,,,,,,,,,,,,,,,,,,,,,,,,,,,,,,,,,,메디안디노스틱,,,,,,,,,,,,,,,,,,,,,,,,,,,,,,,,,,,,,,,,,,,,,
,,,,,,,,,,,,,,,,,,,,,,,,,,,,,,,,,,,에이원알폼,,,,,,,,,,,,,,,,,,,,,,,,,,,,,,,,,,,,,,,,,,,,,
,,,,,,,,,,,,,,,,,,,,,,,,,,,,,,,,,,,TIGER 경기방어채권혼합,,,,,,,,,,,,,,,,,,,,,,,,,,,,,,,,,,,,,,,,,,,,,
,,,,,,,,,,,,,,,,,,,,,,,,,,,,,,,,,,,케이엠제약,,,,,,,,,,,,,,,,,,,,,,,,,,,,,,,,,,,,,,,,,,,,,
,,,,,,,,,,,,,,,,,,,,,,,,,,,,,,,,,,,피엔에이치테크,,,,,,,,,,,,,,,,,,,,,,,,,,,,,,,,,,,,,,,,,,,,,
,,,,,,,,,,,,,,,,,,,,,,,,,,,,,,,,,,,피엔아이시스템,,,,,,,,,,,,,,,,,,,,,,,,,,,,,,,,,,,,,,,,,,,,,
,,,,,,,,,,,,,,,,,,,,,,,,,,,,,,,,,,,KODEX 모멘텀Plus,,,,,,,,,,,,,,,,,,,,,,,,,,,,,,,,,,,,,,,,,,,,,
,,,,,,,,,,,,,,,,,,,,,,,,,,,,,,,,,,,인프라웨어테크놀러지,,,,,,,,,,,,,,,,,,,,,,,,,,,,,,,,,,,,,,,,,,,,,
,,,,,,,,,,,,,,,,,,,,,,,,,,,,,,,,,,,KODEX 가치투자,,,,,,,,,,,,,,,,,,,,,,,,,,,,,,,,,,,,,,,,,,,,,
,,,,,,,,,,,,,,,,,,,,,,,,,,,,,,,,,,,케이비제10호스팩,,,,,,,,,,,,,,,,,,,,,,,,,,,,,,,,,,,,,,,,,,,,,
,,,,,,,,,,,,,,,,,,,,,,,,,,,,,,,,,,,엠에프엠코리아,,,,,,,,,,,,,,,,,,,,,,,,,,,,,,,,,,,,,,,,,,,,,
,,,,,,,,,,,,,,,,,,,,,,,,,,,,,,,,,,,수젠텍,,,,,,,,,,,,,,,,,,,,,,,,,,,,,,,,,,,,,,,,,,,,,
,,,,,,,,,,,,,,,,,,,,,,,,,,,,,,,,,,,IBKS제5호스팩,,,,,,,,,,,,,,,,,,,,,,,,,,,,,,,,,,,,,,,,,,,,,
,,,,,,,,,,,,,,,,,,,,,,,,,,,,,,,,,,,엔에이치스팩11호,,,,,,,,,,,,,,,,,,,,,,,,,,,,,,,,,,,,,,,,,,,,,
,,,,,,,,,,,,,,,,,,,,,,,,,,,,,,,,,,,신한제3호스팩,,,,,,,,,,,,,,,,,,,,,,,,,,,,,,,,,,,,,,,,,,,,,
,,,,,,,,,,,,,,,,,,,,,,,,,,,,,,,,,,,스템랩,,,,,,,,,,,,,,,,,,,,,,,,,,,,,,,,,,,,,,,,,,,,,
,,,,,,,,,,,,,,,,,,,,,,,,,,,,,,,,,,,케이비제11호스팩,,,,,,,,,,,,,,,,,,,,,,,,,,,,,,,,,,,,,,,,,,,,,
,,,,,,,,,,,,,,,,,,,,,,,,,,,,,,,,,,,캐로스,,,,,,,,,,,,,,,,,,,,,,,,,,,,,,,,,,,,,,,,,,,,,
,,,,,,,,,,,,,,,,,,,,,,,,,,,,,,,,,,,에스앤디,,,,,,,,,,,,,,,,,,,,,,,,,,,,,,,,,,,,,,,,,,,,,
,,,,,,,,,,,,,,,,,,,,,,,,,,,,,,,,,,,신영스팩3호,,,,,,,,,,,,,,,,,,,,,,,,,,,,,,,,,,,,,,,,,,,,,
,,,,,,,,,,,,,,,,,,,,,,,,,,,,,,,,,,,명진홀딩스,,,,,,,,,,,,,,,,,,,,,,,,,,,,,,,,,,,,,,,,,,,,,
,,,,,,,,,,,,,,,,,,,,,,,,,,,,,,,,,,,KBSTAR 미국장기국채선물(H),,,,,,,,,,,,,,,,,,,,,,,,,,,,,,,,,,,,,,,,,,,,,
,,,,,,,,,,,,,,,,,,,,,,,,,,,,,,,,,,,앙츠,,,,,,,,,,,,,,,,,,,,,,,,,,,,,,,,,,,,,,,,,,,,,
,,,,,,,,,,,,,,,,,,,,,,,,,,,,,,,,,,,에스알바이오텍,,,,,,,,,,,,,,,,,,,,,,,,,,,,,,,,,,,,,,,,,,,,,
,,,,,,,,,,,,,,,,,,,,,,,,,,,,,,,,,,,하나금융10호스팩,,,,,,,,,,,,,,,,,,,,,,,,,,,,,,,,,,,,,,,,,,,,,
,,,,,,,,,,,,,,,,,,,,,,,,,,,,,,,,,,,알로이스,,,,,,,,,,,,,,,,,,,,,,,,,,,,,,,,,,,,,,,,,,,,,
,,,,,,,,,,,,,,,,,,,,,,,,,,,,,,,,,,,다이오진,,,,,,,,,,,,,,,,,,,,,,,,,,,,,,,,,,,,,,,,,,,,,
,,,,,,,,,,,,,,,,,,,,,,,,,,,,,,,,,,,극동자동화,,,,,,,,,,,,,,,,,,,,,,,,,,,,,,,,,,,,,,,,,,,,,
,,,,,,,,,,,,,,,,,,,,,,,,,,,,,,,,,,,KBSTAR 단기국공채액티브,,,,,,,,,,,,,,,,,,,,,,,,,,,,,,,,,,,,,,,,,,,,,
,,,,,,,,,,,,,,,,,,,,,,,,,,,,,,,,,,,KODEX 단기변동금리부채권액티브,,,,,,,,,,,,,,,,,,,,,,,,,,,,,,,,,,,,,,,,,,,,,
,,,,,,,,,,,,,,,,,,,,,,,,,,,,,,,,,,,에프엠에스,,,,,,,,,,,,,,,,,,,,,,,,,,,,,,,,,,,,,,,,,,,,,
,,,,,,,,,,,,,,,,,,,,,,,,,,,,,,,,,,,신한 인버스 다우존스지수 선물 ETN(H),,,,,,,,,,,,,,,,,,,,,,,,,,,,,,,,,,,,,,,,,,,,,
,,,,,,,,,,,,,,,,,,,,,,,,,,,,,,,,,,,신한 옥수수 선물 ETN(H),,,,,,,,,,,,,,,,,,,,,,,,,,,,,,,,,,,,,,,,,,,,,
,,,,,,,,,,,,,,,,,,,,,,,,,,,,,,,,,,,신한 인버스 2X 다우존스지수 선물 ETN(H),,,,,,,,,,,,,,,,,,,,,,,,,,,,,,,,,,,,,,,,,,,,,
,,,,,,,,,,,,,,,,,,,,,,,,,,,,,,,,,,,미래에셋 호주 ASX200 ETN(H),,,,,,,,,,,,,,,,,,,,,,,,,,,,,,,,,,,,,,,,,,,,,
,,,,,,,,,,,,,,,,,,,,,,,,,,,,,,,,,,,미래에셋 K200 C-SP 1803-02 ETN,,,,,,,,,,,,,,,,,,,,,,,,,,,,,,,,,,,,,,,,,,,,,
,,,,,,,,,,,,,,,,,,,,,,,,,,,,,,,,,,,미래에셋 K200 P-SP 1803-02 ETN,,,,,,,,,,,,,,,,,,,,,,,,,,,,,,,,,,,,,,,,,,,,,
,,,,,,,,,,,,,,,,,,,,,,,,,,,,,,,,,,,미래에셋 미국 시니어론 100 ETN(H),,,,,,,,,,,,,,,,,,,,,,,,,,,,,,,,,,,,,,,,,,,,,
,,,,,,,,,,,,,,,,,,,,,,,,,,,,,,,,,,,미래에셋 K200 Call 1809-01 ETN,,,,,,,,,,,,,,,,,,,,,,,,,,,,,,,,,,,,,,,,,,,,,
,,,,,,,,,,,,,,,,,,,,,,,,,,,,,,,,,,,삼성 유럽 고배당 주식 ETN(H),,,,,,,,,,,,,,,,,,,,,,,,,,,,,,,,,,,,,,,,,,,,,
,,,,,,,,,,,,,,,,,,,,,,,,,,,,,,,,,,,삼성 온라인쇼핑 테마주 ETN,,,,,,,,,,,,,,,,,,,,,,,,,,,,,,,,,,,,,,,,,,,,,
,,,,,,,,,,,,,,,,,,,,,,,,,,,,,,,,,,,삼성 미국 중소형 가치주 ETN,,,,,,,,,,,,,,,,,,,,,,,,,,,,,,,,,,,,,,,,,,,,,
,,,,,,,,,,,,,,,,,,,,,,,,,,,,,,,,,,,삼성 K200 C-SP 1803-01 ETN,,,,,,,,,,,,,,,,,,,,,,,,,,,,,,,,,,,,,,,,,,,,,
,,,,,,,,,,,,,,,,,,,,,,,,,,,,,,,,,,,삼성 K200 P-SP 1803-01 ETN,,,,,,,,,,,,,,,,,,,,,,,,,,,,,,,,,,,,,,,,,,,,,
,,,,,,,,,,,,,,,,,,,,,,,,,,,,,,,,,,,삼성 K200 Call 1807-01 ETN,,,,,,,,,,,,,,,,,,,,,,,,,,,,,,,,,,,,,,,,,,,,,
,,,,,,,,,,,,,,,,,,,,,,,,,,,,,,,,,,,QV 항공우주 테마 ETN,,,,,,,,,,,,,,,,,,,,,,,,,,,,,,,,,,,,,,,,,,,,,
,,,,,,,,,,,,,,,,,,,,,,,,,,,,,,,,,,,QV 스마트리밸런싱 260/4 ETN,,,,,,,,,,,,,,,,,,,,,,,,,,,,,,,,,,,,,,,,,,,,,
,,,,,,,,,,,,,,,,,,,,,,,,,,,,,,,,,,,QV K200 C-SP 1804-01 ETN,,,,,,,,,,,,,,,,,,,,,,,,,,,,,,,,,,,,,,,,,,,,,
,,,,,,,,,,,,,,,,,,,,,,,,,,,,,,,,,,,QV K200 P-SP 1804-01 ETN,,,,,,,,,,,,,,,,,,,,,,,,,,,,,,,,,,,,,,,,,,,,,
,,,,,,,,,,,,,,,,,,,,,,,,,,,,,,,,,,,QV K200 C-SP 1805-01 ETN,,,,,,,,,,,,,,,,,,,,,,,,,,,,,,,,,,,,,,,,,,,,,
,,,,,,,,,,,,,,,,,,,,,,,,,,,,,,,,,,,QV K200 P-SP 1805-01 ETN,,,,,,,,,,,,,,,,,,,,,,,,,,,,,,,,,,,,,,,,,,,,,
,,,,,,,,,,,,,,,,,,,,,,,,,,,,,,,,,,,TRUE 엔선물 ETN,,,,,,,,,,,,,,,,,,,,,,,,,,,,,,,,,,,,,,,,,,,,,
,,,,,,,,,,,,,,,,,,,,,,,,,,,,,,,,,,,TRUE 유로선물 ETN,,,,,,,,,,,,,,,,,,,,,,,,,,,,,,,,,,,,,,,,,,,,,
,,,,,,,,,,,,,,,,,,,,,,,,,,,,,,,,,,,TRUE K200 C-SP 1803-01 ETN,,,,,,,,,,,,,,,,,,,,,,,,,,,,,,,,,,,,,,,,,,,,,
,,,,,,,,,,,,,,,,,,,,,,,,,,,,,,,,,,,TRUE 코스피 양매도 ETN,,,,,,,,,,,,,,,,,,,,,,,,,,,,,,,,,,,,,,,,,,,,,
,,,,,,,,,,,,,,,,,,,,,,,,,,,,,,,,,,,KB 코스피200선물플러스 ETN,,,,,,,,,,,,,,,,,,,,,,,,,,,,,,,,,,,,,,,,,,,,,
,,,,,,,,,,,,,,,,,,,,,,,,,,,,,,,,,,,KB Quant비중조절 ETN,,,,,,,,,,,,,,,,,,,,,,,,,,,,,,,,,,,,,,,,,,,,,
,,,,,,,,,,,,,,,,,,,,,,,,,,,,,,,,,,,미래에셋 미국 바이백 ETN(H),,,,,,,,,,,,,,,,,,,,,,,,,,,,,,,,,,,,,,,,,,,,,
,,,,,,,,,,,,,,,,,,,,,,,,,,,,,,,,,,,미래에셋 미국 리츠 ETN(H),,,,,,,,,,,,,,,,,,,,,,,,,,,,,,,,,,,,,,,,,,,,,
,,,,,,,,,,,,,,,,,,,,,,,,,,,,,,,,,,,ARIRANG 우량회사채50 1년,,,,,,,,,,,,,,,,,,,,,,,,,,,,,,,,,,,,,,,,,,,,,
,,,,,,,,,,,,,,,,,,,,,,,,,,,,,,,,,,,ARIRANG 단기채권액티브,,,,,,,,,,,,,,,,,,,,,,,,,,,,,,,,,,,,,,,,,,,,,
,,,,,,,,,,,,,,,,,,,,,,,,,,,,,,,,,,,TIGER 모멘텀,,,,,,,,,,,,,,,,,,,,,,,,,,,,,,,,,,,,,,,,,,,,,
,,,,,,,,,,,,,,,,,,,,,,,,,,,,,,,,,,,TIGER 유로스탁스50(합성 H),,,,,,,,,,,,,,,,,,,,,,,,,,,,,,,,,,,,,,,,,,,,,
,,,,,,,,,,,,,,,,,,,,,,,,,,,,,,,,,,,TIGER 코스닥150로우볼,,,,,,,,,,,,,,,,,,,,,,,,,,,,,,,,,,,,,,,,,,,,,
,,,,,,,,,,,,,,,,,,,,,,,,,,,,,,,,,,,QV KTOP30 ETN,,,,,,,,,,,,,,,,,,,,,,,,,,,,,,,,,,,,,,,,,,,,,
,,,,,,,,,,,,,,,,,,,,,,,,,,,,,,,,,,,TIGER 일본TOPIX헬스케어(합성),,,,,,,,,,,,,,,,,,,,,,,,,,,,,,,,,,,,,,,,,,,,,
,,,,,,,,,,,,,,,,,,,,,,,,,,,,,,,,,,,KODEX 미국S&P고배당커버드콜(합성 H),,,,,,,,,,,,,,,,,,,,,,,,,,,,,,,,,,,,,,,,,,,,,
,,,,,,,,,,,,,,,,,,,,,,,,,,,,,,,,,,,QV K200 Condor 1805-01 ETN,,,,,,,,,,,,,,,,,,,,,,,,,,,,,,,,,,,,,,,,,,,,,
,,,,,,,,,,,,,,,,,,,,,,,,,,,,,,,,,,,TRUE 레버리지 S&P500 선물 ETN(H),,,,,,,,,,,,,,,,,,,,,,,,,,,,,,,,,,,,,,,,,,,,,
,,,,,,,,,,,,,,,,,,,,,,,,,,,,,,,,,,,미래에셋 글로벌 리츠 ETN(H),,,,,,,,,,,,,,,,,,,,,,,,,,,,,,,,,,,,,,,,,,,,,
,,,,,,,,,,,,,,,,,,,,,,,,,,,,,,,,,,,ARIRANG 경기방어주,,,,,,,,,,,,,,,,,,,,,,,,,,,,,,,,,,,,,,,,,,,,,
,,,,,,,,,,,,,,,,,,,,,,,,,,,,,,,,,,,KINDEX 미국다우존스리츠(합성 H),,,,,,,,,,,,,,,,,,,,,,,,,,,,,,,,,,,,,,,,,,,,,
,,,,,,,,,,,,,,,,,,,,,,,,,,,,,,,,,,,KODEX 코스피,,,,,,,,,,,,,,,,,,,,,,,,,,,,,,,,,,,,,,,,,,,,,
,,,,,,,,,,,,,,,,,,,,,,,,,,,,,,,,,,,미래에셋 K200 P-SP 1803-01 ETN,,,,,,,,,,,,,,,,,,,,,,,,,,,,,,,,,,,,,,,,,,,,,
,,,,,,,,,,,,,,,,,,,,,,,,,,,,,,,,,,,QV 건설 TOP5 ETN,,,,,,,,,,,,,,,,,,,,,,,,,,,,,,,,,,,,,,,,,,,,,
,,,,,,,,,,,,,,,,,,,,,,,,,,,,,,,,,,,QV K200 Butterfly 1804-01 ETN,,,,,,,,,,,,,,,,,,,,,,,,,,,,,,,,,,,,,,,,,,,,,
,,,,,,,,,,,,,,,,,,,,,,,,,,,,,,,,,,,KBSTAR 국고채3년,,,,,,,,,,,,,,,,,,,,,,,,,,,,,,,,,,,,,,,,,,,,,
,,,,,,,,,,,,,,,,,,,,,,,,,,,,,,,,,,,KBSTAR 중기우량회사채,,,,,,,,,,,,,,,,,,,,,,,,,,,,,,,,,,,,,,,,,,,,,
,,,,,,,,,,,,,,,,,,,,,,,,,,,,,,,,,,,신한 구리 선물 ETN(H),,,,,,,,,,,,,,,,,,,,,,,,,,,,,,,,,,,,,,,,,,,,,
,,,,,,,,,,,,,,,,,,,,,,,,,,,,,,,,,,,미래에셋 일본 중형주 ETN(H),,,,,,,,,,,,,,,,,,,,,,,,,,,,,,,,,,,,,,,,,,,,,
,,,,,,,,,,,,,,,,,,,,,,,,,,,,,,,,,,,KINDEX 중기국고채,,,,,,,,,,,,,,,,,,,,,,,,,,,,,,,,,,,,,,,,,,,,,
,,,,,,,,,,,,,,,,,,,,,,,,,,,,,,,,,,,KOSEF 국고채3년,,,,,,,,,,,,,,,,,,,,,,,,,,,,,,,,,,,,,,,,,,,,,
,,,,,,,,,,,,,,,,,,,,,,,,,,,,,,,,,,,ARIRANG 미국다우존스고배당주(합성 H),,,,,,,,,,,,,,,,,,,,,,,,,,,,,,,,,,,,,,,,,,,,,
,,,,,,,,,,,,,,,,,,,,,,,,,,,,,,,,,,,KBSTAR 중장기국공채액티브,,,,,,,,,,,,,,,,,,,,,,,,,,,,,,,,,,,,,,,,,,,,,
,,,,,,,,,,,,,,,,,,,,,,,,,,,,,,,,,,,KINDEX 중장기국공채액티브,,,,,,,,,,,,,,,,,,,,,,,,,,,,,,,,,,,,,,,,,,,,,
,,,,,,,,,,,,,,,,,,,,,,,,,,,,,,,,,,,미래에셋 K200 C-SP 1803-01 ETN,,,,,,,,,,,,,,,,,,,,,,,,,,,,,,,,,,,,,,,,,,,,,
,,,,,,,,,,,,,,,,,,,,,,,,,,,,,,,,,,,KODEX 국고채3년,,,,,,,,,,,,,,,,,,,,,,,,,,,,,,,,,,,,,,,,,,,,,
,,,,,,,,,,,,,,,,,,,,,,,,,,,,,,,,,,,KOSEF 미국달러선물인버스,,,,,,,,,,,,,,,,,,,,,,,,,,,,,,,,,,,,,,,,,,,,,
,,,,,,,,,,,,,,,,,,,,,,,,,,,,,,,,,,,KBSTAR 채권혼합,,,,,,,,,,,,,,,,,,,,,,,,,,,,,,,,,,,,,,,,,,,,,
,,,,,,,,,,,,,,,,,,,,,,,,,,,,,,,,,,,KODEX 200 중소형,,,,,,,,,,,,,,,,,,,,,,,,,,,,,,,,,,,,,,,,,,,,,
,,,,,,,,,,,,,,,,,,,,,,,,,,,,,,,,,,,KINDEX S&P아시아TOP50,,,,,,,,,,,,,,,,,,,,,,,,,,,,,,,,,,,,,,,,,,,,,
,,,,,,,,,,,,,,,,,,,,,,,,,,,,,,,,,,,삼성 미국 중소형 성장주 ETN,,,,,,,,,,,,,,,,,,,,,,,,,,,,,,,,,,,,,,,,,,,,,
,,,,,,,,,,,,,,,,,,,,,,,,,,,,,,,,,,,삼성 인버스 인도 Nifty50 선물 ETN(H),,,,,,,,,,,,,,,,,,,,,,,,,,,,,,,,,,,,,,,,,,,,,
,,,,,,,,,,,,,,,,,,,,,,,,,,,,,,,,,,,KODEX 미국S&P금융(합성),,,,,,,,,,,,,,,,,,,,,,,,,,,,,,,,,,,,,,,,,,,,,
,,,,,,,,,,,,,,,,,,,,,,,,,,,,,,,,,,,ARIRANG 스마트베타Quality채권혼합,,,,,,,,,,,,,,,,,,,,,,,,,,,,,,,,,,,,,,,,,,,,,
,,,,,,,,,,,,,,,,,,,,,,,,,,,,,,,,,,,KOSEF 고배당,,,,,,,,,,,,,,,,,,,,,,,,,,,,,,,,,,,,,,,,,,,,,
,,,,,,,,,,,,,,,,,,,,,,,,,,,,,,,,,,,엔지켐생명과학,,,,,,,,,,,,,,,,,,,,,,,,,,,,,,,,,,,,,,,,,,,,,
,,,,,,,,,,,,,,,,,,,,,,,,,,,,,,,,,,,TIGER 코스피고배당,,,,,,,,,,,,,,,,,,,,,,,,,,,,,,,,,,,,,,,,,,,,,
,,,,,,,,,,,,,,,,,,,,,,,,,,,,,,,,,,,QV K200 Condor 1804-01 ETN,,,,,,,,,,,,,,,,,,,,,,,,,,,,,,,,,,,,,,,,,,,,,
,,,,,,,,,,,,,,,,,,,,,,,,,,,,,,,,,,,미래에셋 일본 대형주 ETN(H),,,,,,,,,,,,,,,,,,,,,,,,,,,,,,,,,,,,,,,,,,,,,
,,,,,,,,,,,,,,,,,,,,,,,,,,,,,,,,,,,맥쿼리인프라,,,,,,,,,,,,,,,,,,,,,,,,,,,,,,,,,,,,,,,,,,,,,
,,,,,,,,,,,,,,,,,,,,,,,,,,,,,,,,,,,TIGER LG그룹+펀더멘털,,,,,,,,,,,,,,,,,,,,,,,,,,,,,,,,,,,,,,,,,,,,,
,,,,,,,,,,,,,,,,,,,,,,,,,,,,,,,,,,,KOSEF 국고채10년,,,,,,,,,,,,,,,,,,,,,,,,,,,,,,,,,,,,,,,,,,,,,
,,,,,,,,,,,,,,,,,,,,,,,,,,,,,,,,,,,TIGER 코스피대형주,,,,,,,,,,,,,,,,,,,,,,,,,,,,,,,,,,,,,,,,,,,,,
,,,,,,,,,,,,,,,,,,,,,,,,,,,,,,,,,,,삼성 미국 대형 가치주 ETN(H),,,,,,,,,,,,,,,,,,,,,,,,,,,,,,,,,,,,,,,,,,,,,
,,,,,,,,,,,,,,,,,,,,,,,,,,,,,,,,,,,KODEX 삼성그룹밸류,,,,,,,,,,,,,,,,,,,,,,,,,,,,,,,,,,,,,,,,,,,,,
,,,,,,,,,,,,,,,,,,,,,,,,,,,,,,,,,,,줌인터넷,,,,,,,,,,,,,,,,,,,,,,,,,,,,,,,,,,,,,,,,,,,,,
,,,,,,,,,,,,,,,,,,,,,,,,,,,,,,,,,,,KBSTAR 주식혼합,,,,,,,,,,,,,,,,,,,,,,,,,,,,,,,,,,,,,,,,,,,,,
,,,,,,,,,,,,,,,,,,,,,,,,,,,,,,,,,,,KOSEF 저PBR가중,,,,,,,,,,,,,,,,,,,,,,,,,,,,,,,,,,,,,,,,,,,,,
,,,,,,,,,,,,,,,,,,,,,,,,,,,,,,,,,,,KODEX 미국달러선물인버스,,,,,,,,,,,,,,,,,,,,,,,,,,,,,,,,,,,,,,,,,,,,,
,,,,,,,,,,,,,,,,,,,,,,,,,,,,,,,,,,,KODEX 종합채권(AA-이상)액티브,,,,,,,,,,,,,,,,,,,,,,,,,,,,,,,,,,,,,,,,,,,,,
,,,,,,,,,,,,,,,,,,,,,,,,,,,,,,,,,,,미래에셋 K200 Call 1809-02 ETN,,,,,,,,,,,,,,,,,,,,,,,,,,,,,,,,,,,,,,,,,,,,,
,,,,,,,,,,,,,,,,,,,,,,,,,,,,,,,,,,,ARIRANG 경기주도주,,,,,,,,,,,,,,,,,,,,,,,,,,,,,,,,,,,,,,,,,,,,,
,,,,,,,,,,,,,,,,,,,,,,,,,,,,,,,,,,,KODEX 200가치저변동,,,,,,,,,,,,,,,,,,,,,,,,,,,,,,,,,,,,,,,,,,,,,
,,,,,,,,,,,,,,,,,,,,,,,,,,,,,,,,,,,KODEX 국채선물10년,,,,,,,,,,,,,,,,,,,,,,,,,,,,,,,,,,,,,,,,,,,,,
,,,,,,,,,,,,,,,,,,,,,,,,,,,,,,,,,,,SGA임베디드,,,,,,,,,,,,,,,,,,,,,,,,,,,,,,,,,,,,,,,,,,,,,
,,,,,,,,,,,,,,,,,,,,,,,,,,,,,,,,,,,KODEX 선진국MSCI World,,,,,,,,,,,,,,,,,,,,,,,,,,,,,,,,,,,,,,,,,,,,,
,,,,,,,,,,,,,,,,,,,,,,,,,,,,,,,,,,,삼성 미국 중소형 가치주 ETN(H),,,,,,,,,,,,,,,,,,,,,,,,,,,,,,,,,,,,,,,,,,,,,
,,,,,,,,,,,,,,,,,,,,,,,,,,,,,,,,,,,바다로19호,,,,,,,,,,,,,,,,,,,,,,,,,,,,,,,,,,,,,,,,,,,,,
,,,,,,,,,,,,,,,,,,,,,,,,,,,,,,,,,,,KINDEX 일본TOPIX인버스(합성 H),,,,,,,,,,,,,,,,,,,,,,,,,,,,,,,,,,,,,,,,,,,,,
,,,,,,,,,,,,,,,,,,,,,,,,,,,,,,,,,,,ARIRANG 코스피100동일가중,,,,,,,,,,,,,,,,,,,,,,,,,,,,,,,,,,,,,,,,,,,,,
,,,,,,,,,,,,,,,,,,,,,,,,,,,,,,,,,,,TIGER 단기선진하이일드(합성 H),,,,,,,,,,,,,,,,,,,,,,,,,,,,,,,,,,,,,,,,,,,,,
,,,,,,,,,,,,,,,,,,,,,,,,,,,,,,,,,,,오백볼트,,,,,,,,,,,,,,,,,,,,,,,,,,,,,,,,,,,,,,,,,,,,,
,,,,,,,,,,,,,,,,,,,,,,,,,,,,,,,,,,,KODEX 200동일가중,,,,,,,,,,,,,,,,,,,,,,,,,,,,,,,,,,,,,,,,,,,,,
,,,,,,,,,,,,,,,,,,,,,,,,,,,,,,,,,,,KOSEF 코스피100,,,,,,,,,,,,,,,,,,,,,,,,,,,,,,,,,,,,,,,,,,,,,
,,,,,,,,,,,,,,,,,,,,,,,,,,,,,,,,,,,ARIRANG 바벨 채권,,,,,,,,,,,,,,,,,,,,,,,,,,,,,,,,,,,,,,,,,,,,,
,,,,,,,,,,,,,,,,,,,,,,,,,,,,,,,,,,,TIGER 차이나항셍25,,,,,,,,,,,,,,,,,,,,,,,,,,,,,,,,,,,,,,,,,,,,,
,,,,,,,,,,,,,,,,,,,,,,,,,,,,,,,,,,,TIGER 일본TOPIX(합성 H),,,,,,,,,,,,,,,,,,,,,,,,,,,,,,,,,,,,,,,,,,,,,
,,,,,,,,,,,,,,,,,,,,,,,,,,,,,,,,,,,에이비온,,,,,,,,,,,,,,,,,,,,,,,,,,,,,,,,,,,,,,,,,,,,,
,,,,,,,,,,,,,,,,,,,,,,,,,,,,,,,,,,,KODEX 미국S&P500선물(H),,,,,,,,,,,,,,,,,,,,,,,,,,,,,,,,,,,,,,,,,,,,,
,,,,,,,,,,,,,,,,,,,,,,,,,,,,,,,,,,,TIGER 200IT레버리지,,,,,,,,,,,,,,,,,,,,,,,,,,,,,,,,,,,,,,,,,,,,,
,,,,,,,,,,,,,,,,,,,,,,,,,,,,,,,,,,,TIGER 우선주,,,,,,,,,,,,,,,,,,,,,,,,,,,,,,,,,,,,,,,,,,,,,
,,,,,,,,,,,,,,,,,,,,,,,,,,,,,,,,,,,TRUE 인버스 2X S&P500 선물 ETN(H),,,,,,,,,,,,,,,,,,,,,,,,,,,,,,,,,,,,,,,,,,,,,
,,,,,,,,,,,,,,,,,,,,,,,,,,,,,,,,,,,TIGER 삼성그룹펀더멘털,,,,,,,,,,,,,,,,,,,,,,,,,,,,,,,,,,,,,,,,,,,,,
,,,,,,,,,,,,,,,,,,,,,,,,,,,,,,,,,,,TIGER 이머징마켓MSCI레버리지(합성 H),,,,,,,,,,,,,,,,,,,,,,,,,,,,,,,,,,,,,,,,,,,,,
,,,,,,,,,,,,,,,,,,,,,,,,,,,,,,,,,,,KOSEF 국고채10년레버리지,,,,,,,,,,,,,,,,,,,,,,,,,,,,,,,,,,,,,,,,,,,,,
,,,,,,,,,,,,,,,,,,,,,,,,,,,,,,,,,,,KINDEX 배당성장,,,,,,,,,,,,,,,,,,,,,,,,,,,,,,,,,,,,,,,,,,,,,
,,,,,,,,,,,,,,,,,,,,,,,,,,,,,,,,,,,신한 다우존스지수 선물 ETN(H),,,,,,,,,,,,,,,,,,,,,,,,,,,,,,,,,,,,,,,,,,,,,
,,,,,,,,,,,,,,,,,,,,,,,,,,,,,,,,,,,QV 방위산업 테마 ETN,,,,,,,,,,,,,,,,,,,,,,,,,,,,,,,,,,,,,,,,,,,,,
,,,,,,,,,,,,,,,,,,,,,,,,,,,,,,,,,,,TRUE 위안화 중국5년국채 ETN,,,,,,,,,,,,,,,,,,,,,,,,,,,,,,,,,,,,,,,,,,,,,
,,,,,,,,,,,,,,,,,,,,,,,,,,,,,,,,,,,KODEX 일본TOPIX100,,,,,,,,,,,,,,,,,,,,,,,,,,,,,,,,,,,,,,,,,,,,,
,,,,,,,,,,,,,,,,,,,,,,,,,,,,,,,,,,,KINDEX 삼성그룹섹터가중,,,,,,,,,,,,,,,,,,,,,,,,,,,,,,,,,,,,,,,,,,,,,
,,,,,,,,,,,,,,,,,,,,,,,,,,,,,,,,,,,QV 운송 TOP5 ETN,,,,,,,,,,,,,,,,,,,,,,,,,,,,,,,,,,,,,,,,,,,,,
,,,,,,,,,,,,,,,,,,,,,,,,,,,,,,,,,,,KBSTAR 5대그룹주,,,,,,,,,,,,,,,,,,,,,,,,,,,,,,,,,,,,,,,,,,,,,
,,,,,,,,,,,,,,,,,,,,,,,,,,,,,,,,,,,한화에이스스팩3호,,,,,,,,,,,,,,,,,,,,,,,,,,,,,,,,,,,,,,,,,,,,,
,,,,,,,,,,,,,,,,,,,,,,,,,,,,,,,,,,,ARIRANG S&P글로벌인프라,,,,,,,,,,,,,,,,,,,,,,,,,,,,,,,,,,,,,,,,,,,,,
,,,,,,,,,,,,,,,,,,,,,,,,,,,,,,,,,,,KB KTOP30 ETN,,,,,,,,,,,,,,,,,,,,,,,,,,,,,,,,,,,,,,,,,,,,,
,,,,,,,,,,,,,,,,,,,,,,,,,,,,,,,,,,,미래에셋제3호스팩,,,,,,,,,,,,,,,,,,,,,,,,,,,,,,,,,,,,,,,,,,,,,
,,,,,,,,,,,,,,,,,,,,,,,,,,,,,,,,,,,하이제3호스팩,,,,,,,,,,,,,,,,,,,,,,,,,,,,,,,,,,,,,,,,,,,,,
,,,,,,,,,,,,,,,,,,,,,,,,,,,,,,,,,,,한화에이스스팩2호,,,,,,,,,,,,,,,,,,,,,,,,,,,,,,,,,,,,,,,,,,,,,
,,,,,,,,,,,,,,,,,,,,,,,,,,,,,,,,,,,유안타제2호스팩,,,,,,,,,,,,,,,,,,,,,,,,,,,,,,,,,,,,,,,,,,,,,
,,,,,,,,,,,,,,,,,,,,,,,,,,,,,,,,,,,에이치엠씨3호스팩,,,,,,,,,,,,,,,,,,,,,,,,,,,,,,,,,,,,,,,,,,,,,
,,,,,,,,,,,,,,,,,,,,,,,,,,,,,,,,,,,동부스팩3호,,,,,,,,,,,,,,,,,,,,,,,,,,,,,,,,,,,,,,,,,,,,,
,,,,,,,,,,,,,,,,,,,,,,,,,,,,,,,,,,,하이에이아이1호스팩,,,,,,,,,,,,,,,,,,,,,,,,,,,,,,,,,,,,,,,,,,,,,
,,,,,,,,,,,,,,,,,,,,,,,,,,,,,,,,,,,한국4호스팩,,,,,,,,,,,,,,,,,,,,,,,,,,,,,,,,,,,,,,,,,,,,,
,,,,,,,,,,,,,,,,,,,,,,,,,,,,,,,,,,,교보비엔케이스팩,,,,,,,,,,,,,,,,,,,,,,,,,,,,,,,,,,,,,,,,,,,,,
,,,,,,,,,,,,,,,,,,,,,,,,,,,,,,,,,,,엔에이치스팩10호,,,,,,,,,,,,,,,,,,,,,,,,,,,,,,,,,,,,,,,,,,,,,
,,,,,,,,,,,,,,,,,,,,,,,,,,,,,,,,,,,신한제4호스팩,,,,,,,,,,,,,,,,,,,,,,,,,,,,,,,,,,,,,,,,,,,,,
,,,,,,,,,,,,,,,,,,,,,,,,,,,,,,,,,,,TRUE 목표변동성20 코스피선물 ETN,,,,,,,,,,,,,,,,,,,,,,,,,,,,,,,,,,,,,,,,,,,,,
,,,,,,,,,,,,,,,,,,,,,,,,,,,,,,,,,,,KOSEF 배당바이백Plus,,,,,,,,,,,,,,,,,,,,,,,,,,,,,,,,,,,,,,,,,,,,,
,,,,,,,,,,,,,,,,,,,,,,,,,,,,,,,,,,,TIGER 미국달러선물인버스2X,,,,,,,,,,,,,,,,,,,,,,,,,,,,,,,,,,,,,,,,,,,,,
,,,,,,,,,,,,,,,,,,,,,,,,,,,,,,,,,,,KBSTAR 미국장기국채선물인버스2X(합성 H),,,,,,,,,,,,,,,,,,,,,,,,,,,,,,,,,,,,,,,,,,,,,
,,,,,,,,,,,,,,,,,,,,,,,,,,,,,,,,,,,삼성 KTOP30 ETN,,,,,,,,,,,,,,,,,,,,,,,,,,,,,,,,,,,,,,,,,,,,,
,,,,,,,,,,,,,,,,,,,,,,,,,,,,,,,,,,,KODEX 삼성그룹,,,,,,,,,,,,,,,,,,,,,,,,,,,,,,,,,,,,,,,,,,,,,
,,,,,,,,,,,,,,,,,,,,,,,,,,,,,,,,,,,KODEX 턴어라운드투자,,,,,,,,,,,,,,,,,,,,,,,,,,,,,,,,,,,,,,,,,,,,,
,,,,,,,,,,,,,,,,,,,,,,,,,,,,,,,,,,,TIGER 코스피,,,,,,,,,,,,,,,,,,,,,,,,,,,,,,,,,,,,,,,,,,,,,
,,,,,,,,,,,,,,,,,,,,,,,,,,,,,,,,,,,KOSEF KRX100,,,,,,,,,,,,,,,,,,,,,,,,,,,,,,,,,,,,,,,,,,,,,
,,,,,,,,,,,,,,,,,,,,,,,,,,,,,,,,,,,ARIRANG 코스피50,,,,,,,,,,,,,,,,,,,,,,,,,,,,,,,,,,,,,,,,,,,,,
,,,,,,,,,,,,,,,,,,,,,,,,,,,,,,,,,,,ARIRANG 고배당주채권혼합,,,,,,,,,,,,,,,,,,,,,,,,,,,,,,,,,,,,,,,,,,,,,
,,,,,,,,,,,,,,,,,,,,,,,,,,,,,,,,,,,ARIRANG 중형주저변동50,,,,,,,,,,,,,,,,,,,,,,,,,,,,,,,,,,,,,,,,,,,,,
,,,,,,,,,,,,,,,,,,,,,,,,,,,,,,,,,,,삼성 K200 Call 1807-02 ETN,,,,,,,,,,,,,,,,,,,,,,,,,,,,,,,,,,,,,,,,,,,,,
,,,,,,,,,,,,,,,,,,,,,,,,,,,,,,,,,,,KODEX 에너지화학,,,,,,,,,,,,,,,,,,,,,,,,,,,,,,,,,,,,,,,,,,,,,
,,,,,,,,,,,,,,,,,,,,,,,,,,,,,,,,,,,TIGER 베타플러스,,,,,,,,,,,,,,,,,,,,,,,,,,,,,,,,,,,,,,,,,,,,,
,,,,,,,,,,,,,,,,,,,,,,,,,,,,,,,,,,,TIGER 로우볼,,,,,,,,,,,,,,,,,,,,,,,,,,,,,,,,,,,,,,,,,,,,,
,,,,,,,,,,,,,,,,,,,,,,,,,,,,,,,,,,,삼성 미국 중소형 성장주 ETN(H),,,,,,,,,,,,,,,,,,,,,,,,,,,,,,,,,,,,,,,,,,,,,
,,,,,,,,,,,,,,,,,,,,,,,,,,,,,,,,,,,TRUE 코스피 커버드콜 ETN,,,,,,,,,,,,,,,,,,,,,,,,,,,,,,,,,,,,,,,,,,,,,
,,,,,,,,,,,,,,,,,,,,,,,,,,,,,,,,,,,TIGER 200 경기소비재,,,,,,,,,,,,,,,,,,,,,,,,,,,,,,,,,,,,,,,,,,,,,
,,,,,,,,,,,,,,,,,,,,,,,,,,,,,,,,,,,마이다스 200커버드콜5%OTM,,,,,,,,,,,,,,,,,,,,,,,,,,,,,,,,,,,,,,,,,,,,,
,,,,,,,,,,,,,,,,,,,,,,,,,,,,,,,,,,,KODEX 코스피100,,,,,,,,,,,,,,,,,,,,,,,,,,,,,,,,,,,,,,,,,,,,,
,,,,,,,,,,,,,,,,,,,,,,,,,,,,,,,,,,,TIGER 일본니케이225,,,,,,,,,,,,,,,,,,,,,,,,,,,,,,,,,,,,,,,,,,,,,
,,,,,,,,,,,,,,,,,,,,,,,,,,,,,,,,,,,KBSTAR 미국장기국채선물인버스(H),,,,,,,,,,,,,,,,,,,,,,,,,,,,,,,,,,,,,,,,,,,,,
,,,,,,,,,,,,,,,,,,,,,,,,,,,,,,,,,,,대신 2X 아연선물 ETN(H),,,,,,,,,,,,,,,,,,,,,,,,,,,,,,,,,,,,,,,,,,,,,
,,,,,,,,,,,,,,,,,,,,,,,,,,,,,,,,,,,ARIRANG 스마트베타4종결합,,,,,,,,,,,,,,,,,,,,,,,,,,,,,,,,,,,,,,,,,,,,,
,,,,,,,,,,,,,,,,,,,,,,,,,,,,,,,,,,,신한 레버리지 다우존스지수 선물 ETN(H),,,,,,,,,,,,,,,,,,,,,,,,,,,,,,,,,,,,,,,,,,,,,
,,,,,,,,,,,,,,,,,,,,,,,,,,,,,,,,,,,KOSEF 미국달러선물 인버스2X(합성),,,,,,,,,,,,,,,,,,,,,,,,,,,,,,,,,,,,,,,,,,,,,
,,,,,,,,,,,,,,,,,,,,,,,,,,,,,,,,,,,미래에셋 로우볼 ETN,,,,,,,,,,,,,,,,,,,,,,,,,,,,,,,,,,,,,,,,,,,,,
,,,,,,,,,,,,,,,,,,,,,,,,,,,,,,,,,,,ARIRANG 코스피,,,,,,,,,,,,,,,,,,,,,,,,,,,,,,,,,,,,,,,,,,,,,
,,,,,,,,,,,,,,,,,,,,,,,,,,,,,,,,,,,KODEX 미국달러선물인버스2X,,,,,,,,,,,,,,,,,,,,,,,,,,,,,,,,,,,,,,,,,,,,,
,,,,,,,,,,,,,,,,,,,,,,,,,,,,,,,,,,,지오씨,,,,,,,,,,,,,,,,,,,,,,,,,,,,,,,,,,,,,,,,,,,,,
,,,,,,,,,,,,,,,,,,,,,,,,,,,,,,,,,,,ARIRANG 스마트베타 LowVOL,,,,,,,,,,,,,,,,,,,,,,,,,,,,,,,,,,,,,,,,,,,,,
,,,,,,,,,,,,,,,,,,,,,,,,,,,,,,,,,,,신한 인버스 달러인덱스 선물 ETN(H),,,,,,,,,,,,,,,,,,,,,,,,,,,,,,,,,,,,,,,,,,,,,
,,,,,,,,,,,,,,,,,,,,,,,,,,,,,,,,,,,젠큐릭스,,,,,,,,,,,,,,,,,,,,,,,,,,,,,,,,,,,,,,,,,,,,,
,,,,,,,,,,,,,,,,,,,,,,,,,,,,,,,,,,,맵스리얼티1,,,,,,,,,,,,,,,,,,,,,,,,,,,,,,,,,,,,,,,,,,,,,
,,,,,,,,,,,,,,,,,,,,,,,,,,,,,,,,,,,TIGER 200 에너지화학,,,,,,,,,,,,,,,,,,,,,,,,,,,,,,,,,,,,,,,,,,,,,
,,,,,,,,,,,,,,,,,,,,,,,,,,,,,,,,,,,KOSEF 인도Nifty50(합성),,,,,,,,,,,,,,,,,,,,,,,,,,,,,,,,,,,,,,,,,,,,,
,,,,,,,,,,,,,,,,,,,,,,,,,,,,,,,,,,,KBSTAR 중소형고배당,,,,,,,,,,,,,,,,,,,,,,,,,,,,,,,,,,,,,,,,,,,,,
,,,,,,,,,,,,,,,,,,,,,,,,,,,,,,,,,,,QV 레버리지 S&P500 ETN,,,,,,,,,,,,,,,,,,,,,,,,,,,,,,,,,,,,,,,,,,,,,
,,,,,,,,,,,,,,,,,,,,,,,,,,,,,,,,,,,KODEX 200,,,,,,,,,,,,,,,,,,,,,,,,,,,,,,,,,,,,,,,,,,,,,
,,,,,,,,,,,,,,,,,,,,,,,,,,,,,,,,,,,TIGER 현대차그룹+펀더멘털,,,,,,,,,,,,,,,,,,,,,,,,,,,,,,,,,,,,,,,,,,,,,
,,,,,,,,,,,,,,,,,,,,,,,,,,,,,,,,,,,TRUE 레버리지 엔선물 ETN,,,,,,,,,,,,,,,,,,,,,,,,,,,,,,,,,,,,,,,,,,,,,
,,,,,,,,,,,,,,,,,,,,,,,,,,,,,,,,,,,KINDEX 200,,,,,,,,,,,,,,,,,,,,,,,,,,,,,,,,,,,,,,,,,,,,,
,,,,,,,,,,,,,,,,,,,,,,,,,,,,,,,,,,,TIGER 200커버드콜5%OTM,,,,,,,,,,,,,,,,,,,,,,,,,,,,,,,,,,,,,,,,,,,,,
,,,,,,,,,,,,,,,,,,,,,,,,,,,,,,,,,,,KOSEF 200,,,,,,,,,,,,,,,,,,,,,,,,,,,,,,,,,,,,,,,,,,,,,
,,,,,,,,,,,,,,,,,,,,,,,,,,,,,,,,,,,TIGER KRX100,,,,,,,,,,,,,,,,,,,,,,,,,,,,,,,,,,,,,,,,,,,,,
,,,,,,,,,,,,,,,,,,,,,,,,,,,,,,,,,,,KBSTAR 고배당,,,,,,,,,,,,,,,,,,,,,,,,,,,,,,,,,,,,,,,,,,,,,
,,,,,,,,,,,,,,,,,,,,,,,,,,,,,,,,,,,QV 롱숏 K150 매수 로우볼 매도 ETN,,,,,,,,,,,,,,,,,,,,,,,,,,,,,,,,,,,,,,,,,,,,,
,,,,,,,,,,,,,,,,,,,,,,,,,,,,,,,,,,,TIGER 200,,,,,,,,,,,,,,,,,,,,,,,,,,,,,,,,,,,,,,,,,,,,,
,,,,,,,,,,,,,,,,,,,,,,,,,,,,,,,,,,,KODEX MSCI밸류,,,,,,,,,,,,,,,,,,,,,,,,,,,,,,,,,,,,,,,,,,,,,
,,,,,,,,,,,,,,,,,,,,,,,,,,,,,,,,,,,TRUE K200 Condor 1803-01 ETN,,,,,,,,,,,,,,,,,,,,,,,,,,,,,,,,,,,,,,,,,,,,,
,,,,,,,,,,,,,,,,,,,,,,,,,,,,,,,,,,,KBSTAR 200,,,,,,,,,,,,,,,,,,,,,,,,,,,,,,,,,,,,,,,,,,,,,
,,,,,,,,,,,,,,,,,,,,,,,,,,,,,,,,,,,미래에셋 인버스 S&P500 ETN(H),,,,,,,,,,,,,,,,,,,,,,,,,,,,,,,,,,,,,,,,,,,,,
,,,,,,,,,,,,,,,,,,,,,,,,,,,,,,,,,,,TIGER 농산물선물Enhanced(H),,,,,,,,,,,,,,,,,,,,,,,,,,,,,,,,,,,,,,,,,,,,,
,,,,,,,,,,,,,,,,,,,,,,,,,,,,,,,,,,,TREX 중소형가치,,,,,,,,,,,,,,,,,,,,,,,,,,,,,,,,,,,,,,,,,,,,,
,,,,,,,,,,,,,,,,,,,,,,,,,,,,,,,,,,,TREX 200,,,,,,,,,,,,,,,,,,,,,,,,,,,,,,,,,,,,,,,,,,,,,
,,,,,,,,,,,,,,,,,,,,,,,,,,,,,,,,,,,KODEX 골드선물(H),,,,,,,,,,,,,,,,,,,,,,,,,,,,,,,,,,,,,,,,,,,,,
,,,,,,,,,,,,,,,,,,,,,,,,,,,,,,,,,,,ARIRANG 미국S&P500(H),,,,,,,,,,,,,,,,,,,,,,,,,,,,,,,,,,,,,,,,,,,,,
,,,,,,,,,,,,,,,,,,,,,,,,,,,,,,,,,,,TIGER 글로벌자원생산기업(합성 H),,,,,,,,,,,,,,,,,,,,,,,,,,,,,,,,,,,,,,,,,,,,,
,,,,,,,,,,,,,,,,,,,,,,,,,,,,,,,,,,,파워 200,,,,,,,,,,,,,,,,,,,,,,,,,,,,,,,,,,,,,,,,,,,,,
,,,,,,,,,,,,,,,,,,,,,,,,,,,,,,,,,,,데카시스템,,,,,,,,,,,,,,,,,,,,,,,,,,,,,,,,,,,,,,,,,,,,,
,,,,,,,,,,,,,,,,,,,,,,,,,,,,,,,,,,,TIGER KTOP30,,,,,,,,,,,,,,,,,,,,,,,,,,,,,,,,,,,,,,,,,,,,,
,,,,,,,,,,,,,,,,,,,,,,,,,,,,,,,,,,,KINDEX 밸류대형,,,,,,,,,,,,,,,,,,,,,,,,,,,,,,,,,,,,,,,,,,,,,
,,,,,,,,,,,,,,,,,,,,,,,,,,,,,,,,,,,ARIRANG S&P한국배당성장,,,,,,,,,,,,,,,,,,,,,,,,,,,,,,,,,,,,,,,,,,,,,
,,,,,,,,,,,,,,,,,,,,,,,,,,,,,,,,,,,교보5호스팩,,,,,,,,,,,,,,,,,,,,,,,,,,,,,,,,,,,,,,,,,,,,,
,,,,,,,,,,,,,,,,,,,,,,,,,,,,,,,,,,,미래에셋제5호스팩,,,,,,,,,,,,,,,,,,,,,,,,,,,,,,,,,,,,,,,,,,,,,
,,,,,,,,,,,,,,,,,,,,,,,,,,,,,,,,,,,신한 인버스 MSCI 인도네시아 선물 ETN(H),,,,,,,,,,,,,,,,,,,,,,,,,,,,,,,,,,,,,,,,,,,,,
,,,,,,,,,,,,,,,,,,,,,,,,,,,,,,,,,,,ARIRANG 200,,,,,,,,,,,,,,,,,,,,,,,,,,,,,,,,,,,,,,,,,,,,,
,,,,,,,,,,,,,,,,,,,,,,,,,,,,,,,,,,,ARIRANG 고배당주,,,,,,,,,,,,,,,,,,,,,,,,,,,,,,,,,,,,,,,,,,,,,
,,,,,,,,,,,,,,,,,,,,,,,,,,,,,,,,,,,한화수성스팩,,,,,,,,,,,,,,,,,,,,,,,,,,,,,,,,,,,,,,,,,,,,,
,,,,,,,,,,,,,,,,,,,,,,,,,,,,,,,,,,,KODEX MSCI모멘텀,,,,,,,,,,,,,,,,,,,,,,,,,,,,,,,,,,,,,,,,,,,,,
,,,,,,,,,,,,,,,,,,,,,,,,,,,,,,,,,,,KOSEF 200 선물,,,,,,,,,,,,,,,,,,,,,,,,,,,,,,,,,,,,,,,,,,,,,
,,,,,,,,,,,,,,,,,,,,,,,,,,,,,,,,,,,TIGER 자동차,,,,,,,,,,,,,,,,,,,,,,,,,,,,,,,,,,,,,,,,,,,,,
,,,,,,,,,,,,,,,,,,,,,,,,,,,,,,,,,,,TIGER 우량가치,,,,,,,,,,,,,,,,,,,,,,,,,,,,,,,,,,,,,,,,,,,,,
,,,,,,,,,,,,,,,,,,,,,,,,,,,,,,,,,,,TIGER 코스닥150선물인버스,,,,,,,,,,,,,,,,,,,,,,,,,,,,,,,,,,,,,,,,,,,,,
,,,,,,,,,,,,,,,,,,,,,,,,,,,,,,,,,,,TIGER 미국S&P500선물인버스(H),,,,,,,,,,,,,,,,,,,,,,,,,,,,,,,,,,,,,,,,,,,,,
,,,,,,,,,,,,,,,,,,,,,,,,,,,,,,,,,,,ARIRANG 고배당저변동50,,,,,,,,,,,,,,,,,,,,,,,,,,,,,,,,,,,,,,,,,,,,,
,,,,,,,,,,,,,,,,,,,,,,,,,,,,,,,,,,,QV 사물인터넷 테마 ETN,,,,,,,,,,,,,,,,,,,,,,,,,,,,,,,,,,,,,,,,,,,,,
,,,,,,,,,,,,,,,,,,,,,,,,,,,,,,,,,,,ARIRANG 스마트베타 Value,,,,,,,,,,,,,,,,,,,,,,,,,,,,,,,,,,,,,,,,,,,,,
,,,,,,,,,,,,,,,,,,,,,,,,,,,,,,,,,,,KBSTAR 수출주,,,,,,,,,,,,,,,,,,,,,,,,,,,,,,,,,,,,,,,,,,,,,
,,,,,,,,,,,,,,,,,,,,,,,,,,,,,,,,,,,씨앤에스링크,,,,,,,,,,,,,,,,,,,,,,,,,,,,,,,,,,,,,,,,,,,,,
,,,,,,,,,,,,,,,,,,,,,,,,,,,,,,,,,,,KODEX 자동차,,,,,,,,,,,,,,,,,,,,,,,,,,,,,,,,,,,,,,,,,,,,,
,,,,,,,,,,,,,,,,,,,,,,,,,,,,,,,,,,,KTOP 코스피50,,,,,,,,,,,,,,,,,,,,,,,,,,,,,,,,,,,,,,,,,,,,,
,,,,,,,,,,,,,,,,,,,,,,,,,,,,,,,,,,,TIGER 200동일가중,,,,,,,,,,,,,,,,,,,,,,,,,,,,,,,,,,,,,,,,,,,,,
,,,,,,,,,,,,,,,,,,,,,,,,,,,,,,,,,,,대신 아연선물 ETN(H),,,,,,,,,,,,,,,,,,,,,,,,,,,,,,,,,,,,,,,,,,,,,
,,,,,,,,,,,,,,,,,,,,,,,,,,,,,,,,,,,신한 금 선물 ETN(H),,,,,,,,,,,,,,,,,,,,,,,,,,,,,,,,,,,,,,,,,,,,,
,,,,,,,,,,,,,,,,,,,,,,,,,,,,,,,,,,,KODEX 코스닥150선물인버스,,,,,,,,,,,,,,,,,,,,,,,,,,,,,,,,,,,,,,,,,,,,,
,,,,,,,,,,,,,,,,,,,,,,,,,,,,,,,,,,,KOSEF 200선물레버리지,,,,,,,,,,,,,,,,,,,,,,,,,,,,,,,,,,,,,,,,,,,,,
,,,,,,,,,,,,,,,,,,,,,,,,,,,,,,,,,,,TRUE 다우존스 지속가능경영 코리아 ETN,,,,,,,,,,,,,,,,,,,,,,,,,,,,,,,,,,,,,,,,,,,,,
,,,,,,,,,,,,,,,,,,,,,,,,,,,,,,,,,,,TREX 펀더멘탈 200,,,,,,,,,,,,,,,,,,,,,,,,,,,,,,,,,,,,,,,,,,,,,
,,,,,,,,,,,,,,,,,,,,,,,,,,,,,,,,,,,TIGER 200 산업재,,,,,,,,,,,,,,,,,,,,,,,,,,,,,,,,,,,,,,,,,,,,,
,,,,,,,,,,,,,,,,,,,,,,,,,,,,,,,,,,,QV 조선 TOP5 ETN,,,,,,,,,,,,,,,,,,,,,,,,,,,,,,,,,,,,,,,,,,,,,
,,,,,,,,,,,,,,,,,,,,,,,,,,,,,,,,,,,TIGER 레버리지,,,,,,,,,,,,,,,,,,,,,,,,,,,,,,,,,,,,,,,,,,,,,
,,,,,,,,,,,,,,,,,,,,,,,,,,,,,,,,,,,TIGER 증권,,,,,,,,,,,,,,,,,,,,,,,,,,,,,,,,,,,,,,,,,,,,,
,,,,,,,,,,,,,,,,,,,,,,,,,,,,,,,,,,,미래에셋 인버스 에너지화학 Core5 ETN,,,,,,,,,,,,,,,,,,,,,,,,,,,,,,,,,,,,,,,,,,,,,
,,,,,,,,,,,,,,,,,,,,,,,,,,,,,,,,,,,삼성 K200 Call 1803-01 ETN,,,,,,,,,,,,,,,,,,,,,,,,,,,,,,,,,,,,,,,,,,,,,
,,,,,,,,,,,,,,,,,,,,,,,,,,,,,,,,,,,미래에셋 일본 바이백 ETN(H),,,,,,,,,,,,,,,,,,,,,,,,,,,,,,,,,,,,,,,,,,,,,
,,,,,,,,,,,,,,,,,,,,,,,,,,,,,,,,,,,KODEX 보험,,,,,,,,,,,,,,,,,,,,,,,,,,,,,,,,,,,,,,,,,,,,,
,,,,,,,,,,,,,,,,,,,,,,,,,,,,,,,,,,,파워 코스피100,,,,,,,,,,,,,,,,,,,,,,,,,,,,,,,,,,,,,,,,,,,,,
,,,,,,,,,,,,,,,,,,,,,,,,,,,,,,,,,,,KBSTAR 우량업종,,,,,,,,,,,,,,,,,,,,,,,,,,,,,,,,,,,,,,,,,,,,,
,,,,,,,,,,,,,,,,,,,,,,,,,,,,,,,,,,,ARIRANG 스마트베타 Momentum,,,,,,,,,,,,,,,,,,,,,,,,,,,,,,,,,,,,,,,,,,,,,
,,,,,,,,,,,,,,,,,,,,,,,,,,,,,,,,,,,TIGER 유로스탁스레버리지(합성 H),,,,,,,,,,,,,,,,,,,,,,,,,,,,,,,,,,,,,,,,,,,,,
,,,,,,,,,,,,,,,,,,,,,,,,,,,,,,,,,,,ARIRANG 주도업종,,,,,,,,,,,,,,,,,,,,,,,,,,,,,,,,,,,,,,,,,,,,,
,,,,,,,,,,,,,,,,,,,,,,,,,,,,,,,,,,,하나금융7호스팩,,,,,,,,,,,,,,,,,,,,,,,,,,,,,,,,,,,,,,,,,,,,,
,,,,,,,,,,,,,,,,,,,,,,,,,,,,,,,,,,,TIGER 차이나HSCEI,,,,,,,,,,,,,,,,,,,,,,,,,,,,,,,,,,,,,,,,,,,,,
,,,,,,,,,,,,,,,,,,,,,,,,,,,,,,,,,,,KINDEX 레버리지,,,,,,,,,,,,,,,,,,,,,,,,,,,,,,,,,,,,,,,,,,,,,
,,,,,,,,,,,,,,,,,,,,,,,,,,,,,,,,,,,대신밸런스제4호스팩,,,,,,,,,,,,,,,,,,,,,,,,,,,,,,,,,,,,,,,,,,,,,
,,,,,,,,,,,,,,,,,,,,,,,,,,,,,,,,,,,삼성 화학 테마주 ETN,,,,,,,,,,,,,,,,,,,,,,,,,,,,,,,,,,,,,,,,,,,,,
,,,,,,,,,,,,,,,,,,,,,,,,,,,,,,,,,,,TIGER 라틴35,,,,,,,,,,,,,,,,,,,,,,,,,,,,,,,,,,,,,,,,,,,,,
,,,,,,,,,,,,,,,,,,,,,,,,,,,,,,,,,,,하이골드8호,,,,,,,,,,,,,,,,,,,,,,,,,,,,,,,,,,,,,,,,,,,,,
,,,,,,,,,,,,,,,,,,,,,,,,,,,,,,,,,,,흥국 S&P코리아로우볼,,,,,,,,,,,,,,,,,,,,,,,,,,,,,,,,,,,,,,,,,,,,,
,,,,,,,,,,,,,,,,,,,,,,,,,,,,,,,,,,,TIGER 유로스탁스배당30,,,,,,,,,,,,,,,,,,,,,,,,,,,,,,,,,,,,,,,,,,,,,
,,,,,,,,,,,,,,,,,,,,,,,,,,,,,,,,,,,KBSTAR 코스닥150선물인버스,,,,,,,,,,,,,,,,,,,,,,,,,,,,,,,,,,,,,,,,,,,,,
,,,,,,,,,,,,,,,,,,,,,,,,,,,,,,,,,,,ARIRANG ESG우수기업,,,,,,,,,,,,,,,,,,,,,,,,,,,,,,,,,,,,,,,,,,,,,
,,,,,,,,,,,,,,,,,,,,,,,,,,,,,,,,,,,삼성 모멘텀 탑픽 ETN,,,,,,,,,,,,,,,,,,,,,,,,,,,,,,,,,,,,,,,,,,,,,
,,,,,,,,,,,,,,,,,,,,,,,,,,,,,,,,,,,TRUE 빅5 동일가중 ETN,,,,,,,,,,,,,,,,,,,,,,,,,,,,,,,,,,,,,,,,,,,,,
,,,,,,,,,,,,,,,,,,,,,,,,,,,,,,,,,,,드림티엔터테인먼트,,,,,,,,,,,,,,,,,,,,,,,,,,,,,,,,,,,,,,,,,,,,,
,,,,,,,,,,,,,,,,,,,,,,,,,,,,,,,,,,,TRUE 코스피 커버드콜 ETN B,,,,,,,,,,,,,,,,,,,,,,,,,,,,,,,,,,,,,,,,,,,,,
,,,,,,,,,,,,,,,,,,,,,,,,,,,,,,,,,,,TIGER 지속배당,,,,,,,,,,,,,,,,,,,,,,,,,,,,,,,,,,,,,,,,,,,,,
,,,,,,,,,,,,,,,,,,,,,,,,,,,,,,,,,,,에스엔피제네틱스,,,,,,,,,,,,,,,,,,,,,,,,,,,,,,,,,,,,,,,,,,,,,
,,,,,,,,,,,,,,,,,,,,,,,,,,,,,,,,,,,KINDEX 스마트밸류,,,,,,,,,,,,,,,,,,,,,,,,,,,,,,,,,,,,,,,,,,,,,
,,,,,,,,,,,,,,,,,,,,,,,,,,,,,,,,,,,ARIRANG 신흥국MSCI(합성 H),,,,,,,,,,,,,,,,,,,,,,,,,,,,,,,,,,,,,,,,,,,,,
,,,,,,,,,,,,,,,,,,,,,,,,,,,,,,,,,,,KODEX 레버리지,,,,,,,,,,,,,,,,,,,,,,,,,,,,,,,,,,,,,,,,,,,,,
,,,,,,,,,,,,,,,,,,,,,,,,,,,,,,,,,,,KBSTAR 200선물레버리지,,,,,,,,,,,,,,,,,,,,,,,,,,,,,,,,,,,,,,,,,,,,,
,,,,,,,,,,,,,,,,,,,,,,,,,,,,,,,,,,,KODEX 철강,,,,,,,,,,,,,,,,,,,,,,,,,,,,,,,,,,,,,,,,,,,,,
,,,,,,,,,,,,,,,,,,,,,,,,,,,,,,,,,,,KODEX 콩선물(H),,,,,,,,,,,,,,,,,,,,,,,,,,,,,,,,,,,,,,,,,,,,,
,,,,,,,,,,,,,,,,,,,,,,,,,,,,,,,,,,,ARIRANG 200선물레버리지,,,,,,,,,,,,,,,,,,,,,,,,,,,,,,,,,,,,,,,,,,,,,
,,,,,,,,,,,,,,,,,,,,,,,,,,,,,,,,,,,신한 콩 선물 ETN(H),,,,,,,,,,,,,,,,,,,,,,,,,,,,,,,,,,,,,,,,,,,,,
,,,,,,,,,,,,,,,,,,,,,,,,,,,,,,,,,,,QV 하드웨어 TOP5 ETN,,,,,,,,,,,,,,,,,,,,,,,,,,,,,,,,,,,,,,,,,,,,,
,,,,,,,,,,,,,,,,,,,,,,,,,,,,,,,,,,,파워 스마트밸류,,,,,,,,,,,,,,,,,,,,,,,,,,,,,,,,,,,,,,,,,,,,,
,,,,,,,,,,,,,,,,,,,,,,,,,,,,,,,,,,,KINDEX 필리핀MSCI(합성),,,,,,,,,,,,,,,,,,,,,,,,,,,,,,,,,,,,,,,,,,,,,
,,,,,,,,,,,,,,,,,,,,,,,,,,,,,,,,,,,KINDEX 러시아MSCI(합성),,,,,,,,,,,,,,,,,,,,,,,,,,,,,,,,,,,,,,,,,,,,,
,,,,,,,,,,,,,,,,,,,,,,,,,,,,,,,,,,,QV 바이오 TOP5 ETN,,,,,,,,,,,,,,,,,,,,,,,,,,,,,,,,,,,,,,,,,,,,,
,,,,,,,,,,,,,,,,,,,,,,,,,,,,,,,,,,,ARIRANG 선진국MSCI(합성 H),,,,,,,,,,,,,,,,,,,,,,,,,,,,,,,,,,,,,,,,,,,,,
,,,,,,,,,,,,,,,,,,,,,,,,,,,,,,,,,,,대신 인버스 니켈선물 ETN(H),,,,,,,,,,,,,,,,,,,,,,,,,,,,,,,,,,,,,,,,,,,,,
,,,,,,,,,,,,,,,,,,,,,,,,,,,,,,,,,,,KODEX IT하드웨어,,,,,,,,,,,,,,,,,,,,,,,,,,,,,,,,,,,,,,,,,,,,,
,,,,,,,,,,,,,,,,,,,,,,,,,,,,,,,,,,,TIGER 200에너지화학레버리지,,,,,,,,,,,,,,,,,,,,,,,,,,,,,,,,,,,,,,,,,,,,,
,,,,,,,,,,,,,,,,,,,,,,,,,,,,,,,,,,,TIGER 차이나CSI300인버스(합성),,,,,,,,,,,,,,,,,,,,,,,,,,,,,,,,,,,,,,,,,,,,,
,,,,,,,,,,,,,,,,,,,,,,,,,,,,,,,,,,,TIGER 200선물레버리지,,,,,,,,,,,,,,,,,,,,,,,,,,,,,,,,,,,,,,,,,,,,,
,,,,,,,,,,,,,,,,,,,,,,,,,,,,,,,,,,,삼성 증권 테마주 ETN,,,,,,,,,,,,,,,,,,,,,,,,,,,,,,,,,,,,,,,,,,,,,
,,,,,,,,,,,,,,,,,,,,,,,,,,,,,,,,,,,KBSTAR 차이나H주(H),,,,,,,,,,,,,,,,,,,,,,,,,,,,,,,,,,,,,,,,,,,,,
,,,,,,,,,,,,,,,,,,,,,,,,,,,,,,,,,,,TIGER 화학,,,,,,,,,,,,,,,,,,,,,,,,,,,,,,,,,,,,,,,,,,,,,
,,,,,,,,,,,,,,,,,,,,,,,,,,,,,,,,,,,QV 전기차 테마 ETN,,,,,,,,,,,,,,,,,,,,,,,,,,,,,,,,,,,,,,,,,,,,,
,,,,,,,,,,,,,,,,,,,,,,,,,,,,,,,,,,,QV 자동차 TOP5 ETN,,,,,,,,,,,,,,,,,,,,,,,,,,,,,,,,,,,,,,,,,,,,,
,,,,,,,,,,,,,,,,,,,,,,,,,,,,,,,,,,,TIGER 200 철강소재,,,,,,,,,,,,,,,,,,,,,,,,,,,,,,,,,,,,,,,,,,,,,
,,,,,,,,,,,,,,,,,,,,,,,,,,,,,,,,,,,미래에셋 미국 항공우주 ETN(H),,,,,,,,,,,,,,,,,,,,,,,,,,,,,,,,,,,,,,,,,,,,,
,,,,,,,,,,,,,,,,,,,,,,,,,,,,,,,,,,,KINDEX 골드선물 레버리지(합성 H),,,,,,,,,,,,,,,,,,,,,,,,,,,,,,,,,,,,,,,,,,,,,
,,,,,,,,,,,,,,,,,,,,,,,,,,,,,,,,,,,KBSTAR 모멘텀로우볼,,,,,,,,,,,,,,,,,,,,,,,,,,,,,,,,,,,,,,,,,,,,,
,,,,,,,,,,,,,,,,,,,,,,,,,,,,,,,,,,,KODEX China H,,,,,,,,,,,,,,,,,,,,,,,,,,,,,,,,,,,,,,,,,,,,,
,,,,,,,,,,,,,,,,,,,,,,,,,,,,,,,,,,,KODEX 은선물(H),,,,,,,,,,,,,,,,,,,,,,,,,,,,,,,,,,,,,,,,,,,,,
,,,,,,,,,,,,,,,,,,,,,,,,,,,,,,,,,,,KBSTAR 모멘텀밸류,,,,,,,,,,,,,,,,,,,,,,,,,,,,,,,,,,,,,,,,,,,,,
,,,,,,,,,,,,,,,,,,,,,,,,,,,,,,,,,,,관악산업,,,,,,,,,,,,,,,,,,,,,,,,,,,,,,,,,,,,,,,,,,,,,
,,,,,,,,,,,,,,,,,,,,,,,,,,,,,,,,,,,KODEX 증권,,,,,,,,,,,,,,,,,,,,,,,,,,,,,,,,,,,,,,,,,,,,,
,,,,,,,,,,,,,,,,,,,,,,,,,,,,,,,,,,,하나니켈2호,,,,,,,,,,,,,,,,,,,,,,,,,,,,,,,,,,,,,,,,,,,,,
,,,,,,,,,,,,,,,,,,,,,,,,,,,,,,,,,,,신한 K200 USD 선물 바이셀 ETN,,,,,,,,,,,,,,,,,,,,,,,,,,,,,,,,,,,,,,,,,,,,,
,,,,,,,,,,,,,,,,,,,,,,,,,,,,,,,,,,,신한 은 선물 ETN(H),,,,,,,,,,,,,,,,,,,,,,,,,,,,,,,,,,,,,,,,,,,,,
,,,,,,,,,,,,,,,,,,,,,,,,,,,,,,,,,,,KC산업,,,,,,,,,,,,,,,,,,,,,,,,,,,,,,,,,,,,,,,,,,,,,
,,,,,,,,,,,,,,,,,,,,,,,,,,,,,,,,,,,KBSTAR 일본TOPIX레버리지(H),,,,,,,,,,,,,,,,,,,,,,,,,,,,,,,,,,,,,,,,,,,,,
,,,,,,,,,,,,,,,,,,,,,,,,,,,,,,,,,,,KINDEX 일본TOPIX레버리지(H),,,,,,,,,,,,,,,,,,,,,,,,,,,,,,,,,,,,,,,,,,,,,
,,,,,,,,,,,,,,,,,,,,,,,,,,,,,,,,,,,큐엠씨,,,,,,,,,,,,,,,,,,,,,,,,,,,,,,,,,,,,,,,,,,,,,
,,,,,,,,,,,,,,,,,,,,,,,,,,,,,,,,,,,KODEX China H 레버리지(H),,,,,,,,,,,,,,,,,,,,,,,,,,,,,,,,,,,,,,,,,,,,,
,,,,,,,,,,,,,,,,,,,,,,,,,,,,,,,,,,,하우동천,,,,,,,,,,,,,,,,,,,,,,,,,,,,,,,,,,,,,,,,,,,,,
,,,,,,,,,,,,,,,,,,,,,,,,,,,,,,,,,,,씨앗,,,,,,,,,,,,,,,,,,,,,,,,,,,,,,,,,,,,,,,,,,,,,
,,,,,,,,,,,,,,,,,,,,,,,,,,,,,,,,,,,ARIRANG 차이나H 레버리지(합성 H),,,,,,,,,,,,,,,,,,,,,,,,,,,,,,,,,,,,,,,,,,,,,
,,,,,,,,,,,,,,,,,,,,,,,,,,,,,,,,,,,신한 인버스 WTI원유 선물 ETN(H),,,,,,,,,,,,,,,,,,,,,,,,,,,,,,,,,,,,,,,,,,,,,
,,,,,,,,,,,,,,,,,,,,,,,,,,,,,,,,,,,TIGER 200 금융,,,,,,,,,,,,,,,,,,,,,,,,,,,,,,,,,,,,,,,,,,,,,
,,,,,,,,,,,,,,,,,,,,,,,,,,,,,,,,,,,KODEX WTI원유선물인버스(H),,,,,,,,,,,,,,,,,,,,,,,,,,,,,,,,,,,,,,,,,,,,,
,,,,,,,,,,,,,,,,,,,,,,,,,,,,,,,,,,,TIGER 원유선물인버스(H),,,,,,,,,,,,,,,,,,,,,,,,,,,,,,,,,,,,,,,,,,,,,
,,,,,,,,,,,,,,,,,,,,,,,,,,,,,,,,,,,QV 2차전지 테마 ETN,,,,,,,,,,,,,,,,,,,,,,,,,,,,,,,,,,,,,,,,,,,,,
,,,,,,,,,,,,,,,,,,,,,,,,,,,,,,,,,,,TIGER 은행,,,,,,,,,,,,,,,,,,,,,,,,,,,,,,,,,,,,,,,,,,,,,
,,,,,,,,,,,,,,,,,,,,,,,,,,,,,,,,,,,KINDEX 일본Nikkei225(H),,,,,,,,,,,,,,,,,,,,,,,,,,,,,,,,,,,,,,,,,,,,,
,,,,,,,,,,,,,,,,,,,,,,,,,,,,,,,,,,,미래에셋 인버스 원유선물혼합 ETN(H),,,,,,,,,,,,,,,,,,,,,,,,,,,,,,,,,,,,,,,,,,,,,
,,,,,,,,,,,,,,,,,,,,,,,,,,,,,,,,,,,링크제니시스,,,,,,,,,,,,,,,,,,,,,,,,,,,,,,,,,,,,,,,,,,,,,
,,,,,,,,,,,,,,,,,,,,,,,,,,,,,,,,,,,KODEX 은행,,,,,,,,,,,,,,,,,,,,,,,,,,,,,,,,,,,,,,,,,,,,,
,,,,,,,,,,,,,,,,,,,,,,,,,,,,,,,,,,,QV 수자원 테마 ETN,,,,,,,,,,,,,,,,,,,,,,,,,,,,,,,,,,,,,,,,,,,,,
,,,,,,,,,,,,,,,,,,,,,,,,,,,,,,,,,,,구름게임즈앤컴퍼니,,,,,,,,,,,,,,,,,,,,,,,,,,,,,,,,,,,,,,,,,,,,,
,,,,,,,,,,,,,,,,,,,,,,,,,,,,,,,,,,,케이비드림4호스팩,,,,,,,,,,,,,,,,,,,,,,,,,,,,,,,,,,,,,,,,,,,,,
,,,,,,,,,,,,,,,,,,,,,,,,,,,,,,,,,,,유비온,,,,,,,,,,,,,,,,,,,,,,,,,,,,,,,,,,,,,,,,,,,,,
,,,,,,,,,,,,,,,,,,,,,,,,,,,,,,,,,,,유쎌,,,,,,,,,,,,,,,,,,,,,,,,,,,,,,,,,,,,,,,,,,,,,
,,,,,,,,,,,,,,,,,,,,,,,,,,,,,,,,,,,제놀루션,,,,,,,,,,,,,,,,,,,,,,,,,,,,,,,,,,,,,,,,,,,,,
,,,,,,,,,,,,,,,,,,,,,,,,,,,,,,,,,,,바이오씨앤디,,,,,,,,,,,,,,,,,,,,,,,,,,,,,,,,,,,,,,,,,,,,,
,,,,,,,,,,,,,,,,,,,,,,,,,,,,,,,,,,,신한 레버리지 은 선물 ETN(H),,,,,,,,,,,,,,,,,,,,,,,,,,,,,,,,,,,,,,,,,,,,,
,,,,,,,,,,,,,,,,,,,,,,,,,,,,,,,,,,,옐로페이,,,,,,,,,,,,,,,,,,,,,,,,,,,,,,,,,,,,,,,,,,,,,
,,,,,,,,,,,,,,,,,,,,,,,,,,,,,,,,,,,신한 인버스 브렌트원유 선물 ETN(H),,,,,,,,,,,,,,,,,,,,,,,,,,,,,,,,,,,,,,,,,,,,,
,,,,,,,,,,,,,,,,,,,,,,,,,,,,,,,,,,,휴벡셀,,,,,,,,,,,,,,,,,,,,,,,,,,,,,,,,,,,,,,,,,,,,,
,,,,,,,,,,,,,,,,,,,,,,,,,,,,,,,,,,,엠로,,,,,,,,,,,,,,,,,,,,,,,,,,,,,,,,,,,,,,,,,,,,,
,,,,,,,,,,,,,,,,,,,,,,,,,,,,,,,,,,,티씨엠생명과학,,,,,,,,,,,,,,,,,,,,,,,,,,,,,,,,,,,,,,,,,,,,,
,,,,,,,,,,,,,,,,,,,,,,,,,,,,,,,,,,,에이치엔에스하이텍,,,,,,,,,,,,,,,,,,,,,,,,,,,,,,,,,,,,,,,,,,,,,
,,,,,,,,,,,,,,,,,,,,,,,,,,,,,,,,,,,삼성 인버스 2X WTI원유 선물 ETN,,,,,,,,,,,,,,,,,,,,,,,,,,,,,,,,,,,,,,,,,,,,,
,,,,,,,,,,,,,,,,,,,,,,,,,,,,,,,,,,,신한 인버스 천연가스 선물 ETN(H),,,,,,,,,,,,,,,,,,,,,,,,,,,,,,,,,,,,,,,,,,,,,
,,,,,,,,,,,,,,,,,,,,,,,,,,,,,,,,,,,신한 인버스 2X WTI원유 선물 ETN(H),,,,,,,,,,,,,,,,,,,,,,,,,,,,,,,,,,,,,,,,,,,,,
,,,,,,,,,,,,,,,,,,,,,,,,,,,,,,,,,,,QV 인버스 레버리지 WTI원유 선물 ETN(H),,,,,,,,,,,,,,,,,,,,,,,,,,,,,,,,,,,,,,,,,,,,,
,,,,,,,,,,,,,,,,,,,,,,,,,,,,,,,,,,,원텍,,,,,,,,,,,,,,,,,,,,,,,,,,,,,,,,,,,,,,,,,,,,,
,,,,,,,,,,,,,,,,,,,,,,,,,,,,,,,,,,,시그넷이브이,,,,,,,,,,,,,,,,,,,,,,,,,,,,,,,,,,,,,,,,,,,,,
,,,,,,,,,,,,,,,,,,,,,,,,,,,,,,,,,,,오스테오닉,,,,,,,,,,,,,,,,,,,,,,,,,,,,,,,,,,,,,,,,,,,,,
,,,,,,,,,,,,,,,,,,,,,,,,,,,,,,,,,,,하나머스트5호스팩,,,,,,,,,,,,,,,,,,,,,,,,,,,,,,,,,,,,,,,,,,,,,
,,,,,,,,,,,,,,,,,,,,,,,,,,,,,,,,,,,미래에셋 인버스 미디어엔터 Core5 ETN,,,,,,,,,,,,,,,,,,,,,,,,,,,,,,,,,,,,,,,,,,,,,
,,,,,,,,,,,,,,,,,,,,,,,,,,,,,,,,,,,세기리텍,,,,,,,,,,,,,,,,,,,,,,,,,,,,,,,,,,,,,,,,,,,,,
,,,,,,,,,,,,,,,,,,,,,,,,,,,,,,,,,,,럭스피아,,,,,,,,,,,,,,,,,,,,,,,,,,,,,,,,,,,,,,,,,,,,,
,,,,,,,,,,,,,,,,,,,,,,,,,,,,,,,,,,,삼성 인버스 2X 천연가스 선물 ETN,,,,,,,,,,,,,,,,,,,,,,,,,,,,,,,,,,,,,,,,,,,,,
,,,,,,,,,,,,,,,,,,,,,,,,,,,,,,,,,,,신한 인버스 2X 천연가스 선물 ETN(H),,,,,,,,,,,,,,,,,,,,,,,,,,,,,,,,,,,,,,,,,,,,,
,,,,,,,,,,,,,,,,,,,,,,,,,,,,,,,,,,,에스와이제이,,,,,,,,,,,,,,,,,,,,,,,,,,,,,,,,,,,,,,,,,,,,,
,,,,,,,,,,,,,,,,,,,,,,,,,,,,,,,,,,,그린플러스,,,,,,,,,,,,,,,,,,,,,,,,,,,,,,,,,,,,,,,,,,,,,
,,,,,,,,,,,,,,,,,,,,,,,,,,,,,,,,,,,나노바이오시스,,,,,,,,,,,,,,,,,,,,,,,,,,,,,,,,,,,,,,,,,,,,,
,,,,,,,,,,,,,,,,,,,,,,,,,,,,,,,,,,,청광종건,,,,,,,,,,,,,,,,,,,,,,,,,,,,,,,,,,,,,,,,,,,,,
,,,,,,,,,,,,,,,,,,,,,,,,,,,,,,,,,,,썬테크,,,,,,,,,,,,,,,,,,,,,,,,,,,,,,,,,,,,,,,,,,,,,
,,,,,,,,,,,,,,,,,,,,,,,,,,,,,,,,,,,수프로,,,,,,,,,,,,,,,,,,,,,,,,,,,,,,,,,,,,,,,,,,,,,
,,,,,,,,,,,,,,,,,,,,,,,,,,,,,,,,,,,이엠티,,,,,,,,,,,,,,,,,,,,,,,,,,,,,,,,,,,,,,,,,,,,,
,,,,,,,,,,,,,,,,,,,,,,,,,,,,,,,,,,,대동고려삼,,,,,,,,,,,,,,,,,,,,,,,,,,,,,,,,,,,,,,,,,,,,,
,,,,,,,,,,,,,,,,,,,,,,,,,,,,,,,,,,,유니포인트,,,,,,,,,,,,,,,,,,,,,,,,,,,,,,,,,,,,,,,,,,,,,
,,,,,,,,,,,,,,,,,,,,,,,,,,,,,,,,,,,이엔드디,,,,,,,,,,,,,,,,,,,,,,,,,,,,,,,,,,,,,,,,,,,,,
,,,,,,,,,,,,,,,,,,,,,,,,,,,,,,,,,,,이에스산업,,,,,,,,,,,,,,,,,,,,,,,,,,,,,,,,,,,,,,,,,,,,,
,,,,,,,,,,,,,,,,,,,,,,,,,,,,,,,,,,,나무기술,,,,,,,,,,,,,,,,,,,,,,,,,,,,,,,,,,,,,,,,,,,,,
,,,,,,,,,,,,,,,,,,,,,,,,,,,,,,,,,,,판도라티비,,,,,,,,,,,,,,,,,,,,,,,,,,,,,,,,,,,,,,,,,,,,,
,,,,,,,,,,,,,,,,,,,,,,,,,,,,,,,,,,,미애부,,,,,,,,,,,,,,,,,,,,,,,,,,,,,,,,,,,,,,,,,,,,,
,,,,,,,,,,,,,,,,,,,,,,,,,,,,,,,,,,,인터코스,,,,,,,,,,,,,,,,,,,,,,,,,,,,,,,,,,,,,,,,,,,,,
,,,,,,,,,,,,,,,,,,,,,,,,,,,,,,,,,,,래몽래인,,,,,,,,,,,,,,,,,,,,,,,,,,,,,,,,,,,,,,,,,,,,,
,,,,,,,,,,,,,,,,,,,,,,,,,,,,,,,,,,,틸론,,,,,,,,,,,,,,,,,,,,,,,,,,,,,,,,,,,,,,,,,,,,,
