교육,게임,전자결제,헬스케어,엔터테인먼트,바이오시밀러,"여행관광
",중국기업,농업,풍력에너지,자전거,"스마트폰_부품
",금,카지노,NFC,태양광,정보보안,물류,플렉서블_디스플레이,사료,수산주,원자력발전,LBS관련,전선,제지,주류,IT대표주,LED산업,보험,패션,타이어,백화점,방위산업,탄소배출권,자동차대표주,지주회사,PCB생산,2차전지,통신
,,,,,,,,,,,,,,,,,,,,,,,,,,,,,,,,,,,,,,
이퓨쳐,넥슨지티,KG모빌리언스,바텍,에스엠,제넥신,롯데쇼핑,글로벌에스엠,조비,한일단조,참좋은여행,실리콘웍스,정산애강,코텍,코나아이,한국테크놀로지,한컴시큐어,한익스프레스,덕산하이메탈,팜스코,동원산업,에너토크,팅크웨어,가온전선,신풍제지,풍국주정,LG전자,DB라이텍,롯데손해보험,지엔코,넥센,롯데쇼핑,한화테크윈,유니슨,현대모비스,일진홀딩스,코리아써키트,이랜텍,KT
와이비엠넷,바른손이앤에이,KG이니시스,인바디,초록뱀,에이프로젠제약,대한항공,차이나하오란,KG케미칼,유니슨,삼천리자전거,네패스,고려아연,토비스,파트론,KCC,파수닷컴,한진,테라세미콘,한일사료,사조산업,하이록코리아,파트론,일진전기,페이퍼코리아,하이트진로,삼성전자,서울반도체,현대해상,형지I&C,동아타이어,현대백화점,퍼스텍,한솔홈데코,현대위아,삼양홀딩스,대덕GDS,SKC,LG유플러스
예림당,웹젠,NHN한국사이버결제,디오,소리바다,팜스웰바이오,세중,헝셩그룹,경농,태웅,알톤스포츠,블루콤,,파라다이스,한국정보통신,티씨케이,엑셈,한솔로지스틱스,에스에프에이,이지바이오,동원수산,한전KPS,녹원씨아이,LS,한국제지,진로발효,LG디스플레이,금호전기,삼성화재,대현,금호타이어,대구백화점,포메탈,이건산업,기아차,웅진,디에이피,아트라스BX,
웅진씽크빅,게임빌,다날,루트로닉,에프엔씨엔터,한올바이오파마,호텔신라,크리스탈신소재,이지바이오,현진소재,엔에스엔,엘비세미콘,,강원랜드,유비벨록스,OCI,시큐브,CJ대한통운,동진쎄미켐,사조동아원,CJ씨푸드,비엠티,아이오케이,대원전선,한솔홀딩스,하이트진로홀딩스,SK하이닉스,엘디티,한화생명,한섬,넥센타이어,신세계,삼영이엔씨,휴켐스,한라홀딩스,유수홀딩스,대덕전자,솔브레인,
멀티캠퍼스,데브시스터즈,,뷰웍스,와이지엔터테인먼트,한미약품,하나투어,씨케이에이치,대동공업,동국S&C,,유아이디,,GKL,KT,주성엔지니어링,SGA,현대글로비스,브레인콘텐츠,팜스토리,신라교역,한전기술,이루온,대한전선,무림페이퍼,무학,삼성SDI,루미마이크로,코리안리,신세계인터내셔날,한국타이어월드와이드,그랜드백화점,풍산,후성,현대차,GS,이수페타시스,코디,
청담러닝,엔씨소프트,,원익,제이콘텐트리,이수앱지스,아시아나항공,로스웰,농우바이오,씨에스윈드,,와이제이엠게임즈,,,나이스정보통신,한국철강,이스트소프트,KCTC,DMS,고려산업,사조대림,우진,한양디지텍,,아세아제지,국순당,,빛샘전자,한화손해보험,코데즈컴바인,,광주신세계,휴니드,에코프로,쌍용차,대성홀딩스,뉴프렉스,상신이디피,
에이원앤,엠게임,,메타바이오메드,IHQ,셀트리온,SM C&C,GRT,동방아그로,,,알에프텍,,,,신성이엔지,라온시큐어,동방,아이컴포넌트,케이씨피드,사조오양,우리기술,지어소프트,,깨끗한나라,MH에탄올,,일진디스플,동부화재,한세엠케이,,한화갤러리아타임월드,한국항공우주,,,LS,LG이노텍,파워로직스,
능률교육,한빛소프트,,비트컴퓨터,CJ CGV,,롯데관광개발,에스앤씨엔진그룹,성보화학,,,삼성전자,,,,오성엘에스티,이니텍,,LG디스플레이,,,한양이엔지,,,국일제지,보해양조,,LG이노텍,메리츠화재,영원무역,,,빅텍,,,STX,이녹스,이엔에프테크놀로지,
정상제이엘에스,네오위즈,,바이오니아,SBS콘텐츠허브,,모두투어,완리,효성오앤비,,,서원인텍,,,,웅진에너지,이글루시큐리티,,일진디스플,,,일진파워,,,,한국알콜,,루멘스,흥국화재,한세실업,,,한화,,,CJ,크레아플래닛,피앤이솔루션,
비상교육,파티게임즈,,오스템임플란트,NHN벅스,,파라다이스,골든센츄리,아세아텍,,,이라이콤,,,,에스에프씨,안랩,,톱텍,,,비에이치아이,,,,,,사파이어테크놀로지,동양생명,휠라코리아,,,미래아이앤지,,,세아홀딩스,삼성전기,한화케미칼,
메가스터디,컴투스,,인터로조,로엔,,강원랜드,차이나그레이트,한탑,,,솔브레인,,,,한화케미칼,윈스,,상보,,,보성파워텍,,,,,,삼성전기,삼성생명,SG세계물산,,,,,,LG,비에이치,세방전지,
대교,위메이드,,인성정보,키이스트,,레드캡투어,이스트아시아홀딩스,남해화학,,,LG디스플레이,,,,에스에너지,넥스지,,,,,,,,,,,,,TBH글로벌,,,,,,농심홀딩스,에이엔피,엘앤에프,
이디,NHN엔터테인먼트,,인피니트헬스케어,팬엔터테인먼트,,GKL,오가닉티코스메틱,,,,파워로직스,,,,SDN,,,,,,,,,,,,,,아비스타,,,,,,한국금융지주,인터플렉스,에코프로,
,이에스에이,,유비케어,지니뮤직,,,,,,,멜파스,,,,에스엔유,,,,,,,,,,,,,,신원,,,,,,동양,,포스코켐텍,
,드래곤플라이,,위노바,JYP Ent.,,,,,,,SK하이닉스,,,,,,,,,,,,,,,,,,진도,,,,,,두산,,,
,액토즈소프트,,세운메디칼,,,,,,,,삼성SDI,,,,,,,,,,,,,,,,,,데코앤이,,,,,,한화,,,
,와이제이엠게임즈,,코렌텍,,,,,,,,LG이노텍,,,,,,,,,,,,,,,,,,LF,,,,,,신한지주,,,
,골프존,,진원생명과학,,,,,,,,모다이노칩,,,,,,,,,,,,,,,,,,인디에프,,,,,,하나금융지주,,,
,엔텔스,,셀루메드,,,,,,,,켐트로닉스,,,,,,,,,,,,,,,,,,신성통상,,,,,,KB금융,,,
,조이시티,,휴비츠,,,,,,,,이엘케이,,,,,,,,,,,,,,,,,,,,,,,,코오롱,,,
,조이맥스,,,,,,,,,,,,,,,,,,,,,,,,,,,,,,,,,,,,,
,옴니텔,,,,,,,,,,,,,,,,,,,,,,,,,,,,,,,,,,,,,
,플레이위드,,,,,,,,,,,,,,,,,,,,,,,,,,,,,,,,,,,,,
,지어소프트,,,,,,,,,,,,,,,,,,,,,,,,,,,,,,,,,,,,,
,와이디온라인,,,,,,,,,,,,,,,,,,,,,,,,,,,,,,,,,,,,,
,,,,,,,,,,,,,,,,,,,,,,,,,,,,,,,,,,,,,,
,,,,,,,,,,,,,,,,,,,,,,,,,,,,,,,,,,,,,,
,,,,,,,,,,,,,,,,,,,,,,,,,,,,,,,,,,,,,,
,,,,,,,,,,,,,,,,,,,,,,,,,,,,,,,,,,,,,,